Date,Open,High,Low,Close,Volume
2014-09-17,0.003084,0.003145,0.002989,0.003008,1005220
2014-09-18,0.002460,0.002481,0.002418,0.002443,883142
2014-09-19,0.002976,0.003104,0.002904,0.003020,910986
2014-09-20,0.002727,0.002808,0.002603,0.002623,929726
2014-09-21,0.003238,0.003447,0.003177,0.003334,935380
2014-09-22,0.003259,0.003303,0.003251,0.003273,890238
2014-09-23,0.003551,0.003563,0.003500,0.003514,945417
2014-09-24,0.002716,0.002841,0.002691,0.002823,944143
2014-09-25,0.003085,0.003246,0.003048,0.003148,1034904
2014-09-26,0.002028,0.002035,0.002005,0.002018,962217
2014-09-27,0.001419,0.001462,0.001405,0.001448,1022957
2014-09-28,0.001841,0.001867,0.001839,0.001845,1155392
2014-09-29,0.002614,0.002707,0.002468,0.002519,1003632
2014-09-30,0.002937,0.003050,0.002789,0.002820,837525
2014-10-01,0.001672,0.001716,0.001664,0.001710,858361
2014-10-02,0.001503,0.001531,0.001441,0.001449,850808
2014-10-03,0.001758,0.001775,0.001694,0.001706,702997
2014-10-04,0.002340,0.002445,0.002305,0.002397,648506
2014-10-05,0.002339,0.002515,0.002312,0.002448,706708
2014-10-06,0.001985,0.002030,0.001974,0.001984,764768
2014-10-07,0.001161,0.001267,0.001158,0.001263,765132
2014-10-08,0.000980,0.000983,0.000917,0.000951,844744
2014-10-09,0.001535,0.001617,0.001534,0.001575,877850
2014-10-10,0.001443,0.001493,0.001423,0.001426,834405
2014-10-11,0.001084,0.001136,0.001072,0.001123,819696
2014-10-12,0.000974,0.000982,0.000935,0.000951,781645
2014-10-13,0.001050,0.001076,0.001004,0.001069,802122
2014-10-14,0.001378,0.001456,0.001316,0.001338,807993
2014-10-15,0.001770,0.001776,0.001643,0.001682,907260
2014-10-16,0.001260,0.001269,0.001227,0.001242,767730
2014-10-17,0.001883,0.001911,0.001867,0.001900,668276
2014-10-18,0.002101,0.002125,0.002075,0.002076,668580
2014-10-19,0.001930,0.002006,0.001863,0.002000,702036
2014-10-20,0.001594,0.001617,0.001553,0.001562,728492
2014-10-21,0.001430,0.001440,0.001404,0.001419,738594
2014-10-22,0.001738,0.001786,0.001685,0.001709,807854
2014-10-23,0.000910,0.000911,0.000897,0.000909,789653
2014-10-24,0.001774,0.001905,0.001746,0.001862,767835
2014-10-25,0.001791,0.001794,0.001761,0.001770,718680
2014-10-26,0.002231,0.002235,0.002159,0.002162,715850
2014-10-27,0.002215,0.002231,0.002140,0.002140,735854
2014-10-28,0.002116,0.002135,0.002047,0.002064,732616
2014-10-29,0.001953,0.002030,0.001937,0.002007,734835
2014-10-30,0.001565,0.001624,0.001556,0.001585,794108
2014-10-31,0.000959,0.000978,0.000951,0.000957,854265
2014-11-01,0.000889,0.000906,0.000863,0.000879,894178
2014-11-02,0.000709,0.000748,0.000694,0.000734,898220
2014-11-03,0.000492,0.000497,0.000475,0.000484,825724
2014-11-04,0.000495,0.000516,0.000487,0.000511,826734
2014-11-05,0.000496,0.000501,0.000487,0.000490,728927
2014-11-06,0.000866,0.000877,0.000864,0.000874,796962
2014-11-07,0.001882,0.001979,0.001869,0.001969,933641
2014-11-08,0.001127,0.001135,0.001068,0.001085,899546
2014-11-09,0.000680,0.000725,0.000672,0.000693,837527
2014-11-10,0.000500,0.000528,0.000497,0.000515,970765
2014-11-11,0.000645,0.000670,0.000632,0.000645,852676
2014-11-12,0.000527,0.000538,0.000525,0.000536,717577
2014-11-13,0.001308,0.001448,0.001285,0.001391,762408
2014-11-14,0.000480,0.000491,0.000474,0.000475,780043
2014-11-15,0.001531,0.001591,0.001522,0.001546,821348
2014-11-16,0.002371,0.002460,0.002340,0.002343,668914
2014-11-17,0.002048,0.002065,0.002010,0.002043,648888
2014-11-18,0.001844,0.001946,0.001819,0.001911,654282
2014-11-19,0.001832,0.001954,0.001807,0.001941,641438
2014-11-20,0.000912,0.000914,0.000878,0.000887,670959
2014-11-21,0.000886,0.000892,0.000875,0.000876,662605
2014-11-22,0.001585,0.001662,0.001550,0.001632,678293
2014-11-23,0.001806,0.001821,0.001740,0.001755,778155
2014-11-24,0.002320,0.002456,0.002256,0.002454,793957
2014-11-25,0.002541,0.002628,0.002521,0.002574,806692
2014-11-26,0.003003,0.003019,0.002866,0.002933,741745
2014-11-27,0.003872,0.003968,0.003857,0.003893,787130
2014-11-28,0.003815,0.003923,0.003752,0.003889,790676
2014-11-29,0.003564,0.003648,0.003484,0.003633,767128
2014-11-30,0.003440,0.003548,0.003366,0.003474,765677
2014-12-01,0.003959,0.004213,0.003914,0.004151,834703
2014-12-02,0.004195,0.004301,0.004128,0.004227,954294
2014-12-03,0.004378,0.004441,0.004287,0.004295,887004
2014-12-04,0.004319,0.004487,0.004314,0.004417,964608
2014-12-05,0.005045,0.005106,0.004868,0.004974,973691
2014-12-06,0.004780,0.004961,0.004739,0.004850,1015999
2014-12-07,0.005335,0.005398,0.005129,0.005156,1072865
2014-12-08,0.004579,0.004797,0.004479,0.004639,1172540
2014-12-09,0.004046,0.004122,0.004014,0.004070,1130525
2014-12-10,0.004099,0.004281,0.004080,0.004216,1069123
2014-12-11,0.004224,0.004467,0.004156,0.004303,995723
2014-12-12,0.003503,0.003622,0.003417,0.003468,1027589
2014-12-13,0.003925,0.003925,0.003739,0.003746,1037716
2014-12-14,0.004242,0.004341,0.003992,0.004192,965738
2014-12-15,0.004716,0.004820,0.004418,0.004446,880266
2014-12-16,0.003853,0.003859,0.003774,0.003782,1036555
2014-12-17,0.003099,0.003256,0.003088,0.003119,1096160
2014-12-18,0.003568,0.003571,0.003558,0.003559,1028693
2014-12-19,0.003401,0.003642,0.003361,0.003604,1061247
2014-12-20,0.003835,0.004164,0.003832,0.004137,1043348
2014-12-21,0.004184,0.004305,0.004150,0.004229,1110124
2014-12-22,0.005133,0.005148,0.005080,0.005147,1163229
2014-12-23,0.005333,0.005551,0.005219,0.005466,1259582
2014-12-24,0.005334,0.005542,0.005318,0.005403,1380353
2014-12-25,0.005789,0.005879,0.005242,0.005445,1262728
2014-12-26,0.005699,0.005742,0.005350,0.005491,1042835
2014-12-27,0.005960,0.006115,0.005841,0.005853,974135
2014-12-28,0.005814,0.005878,0.005794,0.005822,1062413
2014-12-29,0.005481,0.005619,0.005328,0.005556,1123132
2014-12-30,0.005280,0.005466,0.005267,0.005364,1024414
2014-12-31,0.005420,0.005441,0.005379,0.005423,968184
2015-01-01,0.005544,0.005582,0.005435,0.005435,1015702
2015-01-02,0.005632,0.005834,0.005509,0.005729,918666
2015-01-03,0.005561,0.005600,0.004949,0.005072,919377
2015-01-04,0.004757,0.004826,0.004682,0.004810,983123
2015-01-05,0.004584,0.004619,0.004406,0.004544,881400
2015-01-06,0.005188,0.005287,0.004850,0.004892,789430
2015-01-07,0.006165,0.006182,0.006041,0.006056,870997
2015-01-08,0.005634,0.005930,0.005562,0.005794,998215
2015-01-09,0.006225,0.006330,0.006223,0.006299,1226973
2015-01-10,0.005851,0.006097,0.005600,0.005737,1069113
2015-01-11,0.006295,0.006610,0.006110,0.006481,1229797
2015-01-12,0.006785,0.006961,0.006654,0.006691,1188474
2015-01-13,0.006867,0.007068,0.006511,0.006638,1250952
2015-01-14,0.007402,0.007464,0.007309,0.007345,1058795
2015-01-15,0.007888,0.007981,0.007782,0.007973,835013
2015-01-16,0.008040,0.008338,0.008029,0.008245,805963
2015-01-17,0.008502,0.008537,0.008303,0.008359,803203
2015-01-18,0.009509,0.009906,0.009354,0.009875,950672
2015-01-19,0.009217,0.009295,0.008712,0.008981,922197
2015-01-20,0.009069,0.009258,0.008807,0.008821,981031
2015-01-21,0.009744,0.009911,0.009479,0.009884,1065750
2015-01-22,0.010305,0.010385,0.010136,0.010362,904973
2015-01-23,0.009661,0.010021,0.008992,0.009274,938323
2015-01-24,0.009791,0.010287,0.009672,0.009976,880917
2015-01-25,0.009767,0.009986,0.009655,0.009970,1010977
2015-01-26,0.010392,0.011271,0.010370,0.010648,1127834
2015-01-27,0.010876,0.011021,0.010455,0.010540,931474
2015-01-28,0.010889,0.011093,0.010601,0.010682,801531
2015-01-29,0.010908,0.011348,0.010902,0.011227,800354
2015-01-30,0.010666,0.010786,0.010497,0.010720,815756
2015-01-31,0.011110,0.011303,0.010592,0.010827,716579
2015-02-01,0.010804,0.011124,0.010669,0.010944,773463
2015-02-02,0.010493,0.010539,0.010327,0.010480,730524
2015-02-03,0.010624,0.011076,0.010338,0.010967,671381
2015-02-04,0.010573,0.011056,0.010404,0.010896,605959
2015-02-05,0.010561,0.010627,0.009648,0.009848,525692
2015-02-06,0.010922,0.011312,0.010526,0.010977,492191
2015-02-07,0.011591,0.012165,0.011444,0.012086,506461
2015-02-08,0.011496,0.011663,0.011446,0.011516,523794
2015-02-09,0.010683,0.010898,0.010378,0.010536,469774
2015-02-10,0.010210,0.010587,0.009879,0.009960,398940
2015-02-11,0.010016,0.010378,0.009922,0.010237,385561
2015-02-12,0.009889,0.010676,0.009787,0.010364,357932
2015-02-13,0.009070,0.009714,0.008806,0.009298,362845
2015-02-14,0.009137,0.009339,0.008777,0.009225,418804
2015-02-15,0.009548,0.009883,0.009182,0.009807,480516
2015-02-16,0.009251,0.009391,0.009110,0.009360,497609
2015-02-17,0.008833,0.009038,0.008566,0.008775,474046
2015-02-18,0.008243,0.008585,0.008110,0.008461,517323
2015-02-19,0.008241,0.008510,0.008126,0.008424,457238
2015-02-20,0.008009,0.008136,0.007510,0.007762,507023
2015-02-21,0.007711,0.007970,0.007619,0.007925,497273
2015-02-22,0.007444,0.007661,0.007334,0.007584,445183
2015-02-23,0.008372,0.008707,0.008295,0.008640,494870
2015-02-24,0.008677,0.009016,0.008465,0.008534,555019
2015-02-25,0.008308,0.008504,0.008276,0.008447,449892
2015-02-26,0.009077,0.009800,0.008842,0.009240,431536
2015-02-27,0.008137,0.008454,0.007978,0.008407,480921
2015-02-28,0.008155,0.008397,0.007883,0.007986,528172
2015-03-01,0.008551,0.009544,0.008444,0.009249,426674
2015-03-02,0.008248,0.008256,0.007924,0.008103,488820
2015-03-03,0.008327,0.008475,0.007939,0.008125,595056
2015-03-04,0.007813,0.008033,0.007543,0.007590,625796
2015-03-05,0.008842,0.009477,0.008668,0.009178,561447
2015-03-06,0.007995,0.008286,0.007992,0.008272,640951
2015-03-07,0.007347,0.007692,0.007291,0.007457,671953
2015-03-08,0.007501,0.007838,0.007477,0.007616,631412
2015-03-09,0.007221,0.007692,0.006891,0.007621,574088
2015-03-10,0.006685,0.007157,0.006650,0.006798,645823
2015-03-11,0.007629,0.007689,0.007301,0.007395,628794
2015-03-12,0.007099,0.007429,0.006875,0.007229,547365
2015-03-13,0.007351,0.007419,0.006957,0.007128,554457
2015-03-14,0.007670,0.007696,0.007607,0.007687,623094
2015-03-15,0.006116,0.006327,0.006095,0.006319,667540
2015-03-16,0.006691,0.006936,0.006626,0.006651,668762
2015-03-17,0.006816,0.007324,0.006754,0.007062,701765
2015-03-18,0.006597,0.006998,0.006586,0.006677,670198
2015-03-19,0.006842,0.006942,0.006568,0.006755,742548
2015-03-20,0.007099,0.007202,0.006721,0.006812,814970
2015-03-21,0.007627,0.007739,0.007352,0.007374,937378
2015-03-22,0.007150,0.007274,0.006803,0.006857,984170
2015-03-23,0.007029,0.007139,0.006838,0.007136,1052344
2015-03-24,0.006386,0.006470,0.006289,0.006317,1102685
2015-03-25,0.005567,0.005972,0.005422,0.005887,1212574
2015-03-26,0.004786,0.004859,0.004776,0.004851,1271897
2015-03-27,0.004776,0.004828,0.004667,0.004752,1022163
2015-03-28,0.004535,0.004633,0.004447,0.004587,937627
2015-03-29,0.004204,0.004358,0.004068,0.004290,966032
2015-03-30,0.003553,0.003662,0.003549,0.003659,916712
2015-03-31,0.003112,0.003195,0.003072,0.003137,983926
2015-04-01,0.003277,0.003454,0.003270,0.003429,1137348
2015-04-02,0.002657,0.002895,0.002575,0.002845,1182744
2015-04-03,0.003272,0.003391,0.003156,0.003254,1089269
2015-04-04,0.003167,0.003216,0.002916,0.002966,965656
2015-04-05,0.003267,0.003372,0.002968,0.003062,901360
2015-04-06,0.003246,0.003278,0.003144,0.003225,824598
2015-04-07,0.003607,0.003875,0.003579,0.003837,759476
2015-04-08,0.003685,0.003782,0.003663,0.003762,725725
2015-04-09,0.004416,0.004514,0.004195,0.004273,675427
2015-04-10,0.004911,0.005073,0.004795,0.004959,787800
2015-04-11,0.005243,0.005391,0.005225,0.005371,768367
2015-04-12,0.004499,0.004721,0.004408,0.004658,724689
2015-04-13,0.004888,0.005065,0.004757,0.004857,689135
2015-04-14,0.005285,0.005319,0.005031,0.005094,740571
2015-04-15,0.005514,0.005711,0.005407,0.005653,712421
2015-04-16,0.005672,0.005710,0.005263,0.005279,659970
2015-04-17,0.005892,0.006020,0.005750,0.005753,682202
2015-04-18,0.005845,0.006283,0.005835,0.006061,637921
2015-04-19,0.005899,0.006023,0.005847,0.005981,583430
2015-04-20,0.005919,0.005972,0.005765,0.005928,675546
2015-04-21,0.005477,0.005565,0.005400,0.005540,641191
2015-04-22,0.005220,0.005318,0.005007,0.005073,634052
2015-04-23,0.005715,0.005903,0.005564,0.005657,684276
2015-04-24,0.005469,0.005530,0.005132,0.005284,710816
2015-04-25,0.005278,0.005306,0.005234,0.005282,705273
2015-04-26,0.005595,0.005606,0.005318,0.005343,597698
2015-04-27,0.006272,0.006299,0.006139,0.006288,688392
2015-04-28,0.006188,0.006576,0.006050,0.006386,710756
2015-04-29,0.005357,0.005475,0.005202,0.005407,784212
2015-04-30,0.004941,0.004951,0.004807,0.004946,717024
2015-05-01,0.004769,0.004794,0.004718,0.004794,751872
2015-05-02,0.004390,0.004460,0.004288,0.004443,935045
2015-05-03,0.004756,0.004870,0.004682,0.004707,918306
2015-05-04,0.004525,0.004571,0.004359,0.004425,998592
2015-05-05,0.004359,0.004507,0.004267,0.004356,1010414
2015-05-06,0.004001,0.004057,0.003967,0.003999,962637
2015-05-07,0.003782,0.003906,0.003747,0.003826,929056
2015-05-08,0.003831,0.004006,0.003573,0.003609,1020639
2015-05-09,0.004476,0.004552,0.004258,0.004293,1021945
2015-05-10,0.003929,0.004133,0.003897,0.004103,1038180
2015-05-11,0.004497,0.004705,0.004435,0.004661,973282
2015-05-12,0.004021,0.004061,0.003794,0.003913,881923
2015-05-13,0.004299,0.004504,0.004197,0.004416,911516
2015-05-14,0.004439,0.004602,0.004394,0.004601,859533
2015-05-15,0.004299,0.004519,0.004220,0.004423,675347
2015-05-16,0.004733,0.005034,0.004610,0.004796,679709
2015-05-17,0.004713,0.004764,0.004580,0.004665,868364
2015-05-18,0.004488,0.004583,0.004407,0.004459,1017572
2015-05-19,0.003820,0.004001,0.003729,0.003949,1143665
2015-05-20,0.003204,0.003342,0.003012,0.003050,1030822
2015-05-21,0.003053,0.003103,0.003005,0.003032,1129220
2015-05-22,0.001724,0.001752,0.001685,0.001737,1188044
2015-05-23,0.000944,0.000995,0.000934,0.000983,1265188
2015-05-24,0.000506,0.000507,0.000482,0.000493,1281838
2015-05-25,0.001007,0.001008,0.000973,0.000998,1202921
2015-05-26,0.001427,0.001463,0.001410,0.001451,1375300
2015-05-27,0.000990,0.001000,0.000957,0.000982,1332995
2015-05-28,0.001753,0.001772,0.001716,0.001771,1411439
2015-05-29,0.002334,0.002396,0.002235,0.002369,1410927
2015-05-30,0.002611,0.002677,0.002534,0.002562,1418267
2015-05-31,0.002964,0.003159,0.002930,0.003146,1245316
2015-06-01,0.002280,0.002361,0.002161,0.002181,1348145
2015-06-02,0.001995,0.002021,0.001975,0.001988,1329519
2015-06-03,0.002006,0.002042,0.001893,0.001939,1128709
2015-06-04,0.001381,0.001390,0.001356,0.001375,1276798
2015-06-05,0.002578,0.002581,0.002501,0.002560,1019393
2015-06-06,0.003011,0.003073,0.002927,0.003051,1115156
2015-06-07,0.002800,0.002848,0.002709,0.002723,1103836
2015-06-08,0.002127,0.002155,0.002081,0.002102,1212744
2015-06-09,0.002119,0.002173,0.002093,0.002172,1253830
2015-06-10,0.002297,0.002319,0.002170,0.002236,1258474
2015-06-11,0.002182,0.002187,0.002098,0.002102,1208863
2015-06-12,0.001706,0.001769,0.001678,0.001682,1352582
2015-06-13,0.001930,0.002032,0.001867,0.002013,1533848
2015-06-14,0.001719,0.001768,0.001632,0.001672,1782818
2015-06-15,0.001600,0.001641,0.001565,0.001600,1872600
2015-06-16,0.002265,0.002313,0.002216,0.002221,1611813
2015-06-17,0.002913,0.003050,0.002785,0.003009,1983765
2015-06-18,0.002629,0.002746,0.002546,0.002595,2150965
2015-06-19,0.002056,0.002114,0.002050,0.002056,2281939
2015-06-20,0.002405,0.002418,0.002325,0.002400,2486517
2015-06-21,0.001766,0.001771,0.001747,0.001763,2685209
2015-06-22,0.002411,0.002471,0.002347,0.002460,2112877
2015-06-23,0.002649,0.002711,0.002601,0.002619,1849045
2015-06-24,0.002743,0.002783,0.002704,0.002751,1906607
2015-06-25,0.002649,0.002767,0.002635,0.002744,1888842
2015-06-26,0.002113,0.002136,0.002070,0.002076,1937816
2015-06-27,0.001741,0.001812,0.001670,0.001687,1981369
2015-06-28,0.000573,0.000585,0.000551,0.000557,1995102
2015-06-29,0.000636,0.000670,0.000632,0.000642,1933971
2015-06-30,0.000947,0.000956,0.000893,0.000901,2207913
2015-07-01,0.000542,0.000553,0.000537,0.000541,2155791
2015-07-02,0.000496,0.000507,0.000488,0.000505,1893870
2015-07-03,0.000502,0.000506,0.000489,0.000502,1890229
2015-07-04,0.001413,0.001561,0.001357,0.001544,2083137
2015-07-05,0.001402,0.001410,0.001335,0.001343,1940116
2015-07-06,0.001573,0.001625,0.001439,0.001474,1909835
2015-07-07,0.000984,0.001015,0.000958,0.001005,1963408
2015-07-08,0.000829,0.000845,0.000793,0.000819,2101008
2015-07-09,0.000675,0.000719,0.000671,0.000695,2203225
2015-07-10,0.000476,0.000488,0.000471,0.000484,2809181
2015-07-11,0.000500,0.000513,0.000500,0.000512,2678960
2015-07-12,0.000512,0.000537,0.000505,0.000524,2510861
2015-07-13,0.000726,0.000727,0.000708,0.000713,2114127
2015-07-14,0.000865,0.000879,0.000862,0.000874,1748060
2015-07-15,0.001117,0.001136,0.001028,0.001030,1772696
2015-07-16,0.000484,0.000503,0.000469,0.000498,1910137
2015-07-17,0.000542,0.000577,0.000530,0.000577,2083884
2015-07-18,0.001078,0.001112,0.001042,0.001092,2358342
2015-07-19,0.001911,0.001932,0.001891,0.001892,2393876
2015-07-20,0.002256,0.002375,0.002253,0.002287,2660820
2015-07-21,0.001924,0.001975,0.001855,0.001896,2254738
2015-07-22,0.001655,0.001703,0.001632,0.001696,1930030
2015-07-23,0.002083,0.002103,0.002001,0.002021,1961075
2015-07-24,0.002194,0.002265,0.002158,0.002238,2013522
2015-07-25,0.002389,0.002399,0.002340,0.002367,2180043
2015-07-26,0.002291,0.002361,0.002255,0.002358,2452051
2015-07-27,0.002397,0.002432,0.002307,0.002324,2679349
2015-07-28,0.001336,0.001357,0.001294,0.001332,2697222
2015-07-29,0.001487,0.001522,0.001462,0.001508,2152183
2015-07-30,0.000571,0.000590,0.000559,0.000566,2191022
2015-07-31,0.001019,0.001082,0.000974,0.001043,2171924
2015-08-01,0.001067,0.001158,0.001064,0.001131,2110168
2015-08-02,0.001461,0.001484,0.001428,0.001460,1760557
2015-08-03,0.002077,0.002094,0.002058,0.002058,1917791
2015-08-04,0.001895,0.001915,0.001859,0.001896,1809536
2015-08-05,0.002179,0.002235,0.002144,0.002228,1787874
2015-08-06,0.002163,0.002181,0.002127,0.002165,1783885
2015-08-07,0.001731,0.001783,0.001729,0.001775,2372301
2015-08-08,0.001702,0.001723,0.001626,0.001640,2608076
2015-08-09,0.002293,0.002330,0.002211,0.002225,2668509
2015-08-10,0.002180,0.002206,0.002058,0.002068,2900002
2015-08-11,0.002633,0.002725,0.002633,0.002645,2596230
2015-08-12,0.003197,0.003345,0.003085,0.003293,2774119
2015-08-13,0.003493,0.003536,0.003454,0.003524,3256612
2015-08-14,0.003374,0.003415,0.003276,0.003283,3438043
2015-08-15,0.003865,0.003873,0.003583,0.003690,2824678
2015-08-16,0.003848,0.004046,0.003774,0.003967,2499246
2015-08-17,0.004353,0.004574,0.004332,0.004547,2347195
2015-08-18,0.003678,0.003827,0.003652,0.003769,2645729
2015-08-19,0.002804,0.002820,0.002772,0.002777,2783295
2015-08-20,0.003096,0.003140,0.002922,0.003025,3087438
2015-08-21,0.003385,0.003466,0.003298,0.003437,2883289
2015-08-22,0.002929,0.002976,0.002873,0.002943,3104482
2015-08-23,0.003259,0.003299,0.003256,0.003272,2958862
2015-08-24,0.002854,0.002902,0.002793,0.002798,2998473
2015-08-25,0.002942,0.002979,0.002761,0.002806,2788644
2015-08-26,0.002957,0.002973,0.002846,0.002934,2708493
2015-08-27,0.003418,0.003484,0.003391,0.003453,2489240
2015-08-28,0.004090,0.004110,0.003915,0.004079,2484718
2015-08-29,0.002691,0.002764,0.002690,0.002726,2667733
2015-08-30,0.001894,0.001924,0.001810,0.001824,2519509
2015-08-31,0.001191,0.001219,0.001119,0.001184,2527523
2015-09-01,0.000689,0.000720,0.000668,0.000678,2391732
2015-09-02,0.000746,0.000790,0.000745,0.000776,2621924
2015-09-03,0.000711,0.000719,0.000677,0.000709,2633540
2015-09-04,0.000504,0.000510,0.000500,0.000501,3107402
2015-09-05,0.001412,0.001473,0.001391,0.001451,2938716
2015-09-06,0.001517,0.001523,0.001436,0.001442,3112278
2015-09-07,0.002211,0.002251,0.002157,0.002195,3197211
2015-09-08,0.001602,0.001623,0.001521,0.001555,3740664
2015-09-09,0.001467,0.001521,0.001421,0.001489,3339339
2015-09-10,0.001120,0.001130,0.001081,0.001127,3498528
2015-09-11,0.001189,0.001222,0.001166,0.001183,3259009
2015-09-12,0.000882,0.000931,0.000863,0.000918,3558247
2015-09-13,0.000634,0.000655,0.000624,0.000654,3326569
2015-09-14,0.001191,0.001204,0.001118,0.001142,3623951
2015-09-15,0.001308,0.001312,0.001254,0.001293,3439729
2015-09-16,0.001106,0.001136,0.001081,0.001119,3597854
2015-09-17,0.001435,0.001482,0.001430,0.001469,3898908
2015-09-18,0.001885,0.001942,0.001867,0.001920,3839041
2015-09-19,0.001262,0.001285,0.001261,0.001274,3952465
2015-09-20,0.000508,0.000541,0.000507,0.000524,3839843
2015-09-21,0.000808,0.000819,0.000768,0.000781,3664706
2015-09-22,0.000499,0.000505,0.000456,0.000475,3449595
2015-09-23,0.000555,0.000573,0.000553,0.000563,3477882
2015-09-24,0.000909,0.000933,0.000860,0.000863,2508795
2015-09-25,0.001485,0.001526,0.001475,0.001515,2604959
2015-09-26,0.000756,0.000764,0.000711,0.000733,2999212
2015-09-27,0.000825,0.000825,0.000806,0.000817,2529913
2015-09-28,0.000583,0.000620,0.000560,0.000595,2710045
2015-09-29,0.000513,0.000527,0.000508,0.000522,2968571
2015-09-30,0.000495,0.000505,0.000452,0.000455,3249130
2015-10-01,0.000494,0.000499,0.000480,0.000484,2870120
2015-10-02,0.000498,0.000504,0.000472,0.000476,2410067
2015-10-03,0.000498,0.000531,0.000490,0.000504,1910511
2015-10-04,0.001036,0.001047,0.001034,0.001037,1863131
2015-10-05,0.001699,0.001716,0.001667,0.001701,1861805
2015-10-06,0.001678,0.001703,0.001674,0.001692,1442504
2015-10-07,0.000825,0.000847,0.000801,0.000839,1488432
2015-10-08,0.001268,0.001280,0.001208,0.001226,1415885
2015-10-09,0.001471,0.001510,0.001418,0.001483,1518573
2015-10-10,0.001245,0.001295,0.001203,0.001230,1519795
2015-10-11,0.001011,0.001044,0.000983,0.001003,1470289
2015-10-12,0.000698,0.000731,0.000693,0.000715,1462154
2015-10-13,0.000681,0.000703,0.000648,0.000666,1625646
2015-10-14,0.000907,0.000946,0.000887,0.000932,1690916
2015-10-15,0.001123,0.001146,0.001112,0.001135,1118463
2015-10-16,0.000519,0.000524,0.000480,0.000506,1112546
2015-10-17,0.000527,0.000537,0.000520,0.000533,1162806
2015-10-18,0.000486,0.000535,0.000485,0.000514,1037781
2015-10-19,0.000496,0.000497,0.000471,0.000480,1063062
2015-10-20,0.000745,0.000767,0.000730,0.000740,1106063
2015-10-21,0.000592,0.000599,0.000581,0.000587,1100094
2015-10-22,0.000513,0.000519,0.000484,0.000499,1099552
2015-10-23,0.000503,0.000526,0.000497,0.000523,1048856
2015-10-24,0.001067,0.001084,0.001039,0.001075,1129453
2015-10-25,0.000684,0.000706,0.000663,0.000692,1371449
2015-10-26,0.000531,0.000548,0.000530,0.000534,1358512
2015-10-27,0.000498,0.000532,0.000485,0.000488,1258055
2015-10-28,0.000529,0.000558,0.000510,0.000557,1116533
2015-10-29,0.000502,0.000526,0.000500,0.000520,1169327
2015-10-30,0.000762,0.000787,0.000762,0.000762,1239995
2015-10-31,0.000531,0.000556,0.000494,0.000499,1615108
2015-11-01,0.000513,0.000534,0.000484,0.000525,1876203
2015-11-02,0.000695,0.000700,0.000676,0.000698,2133528
2015-11-03,0.000900,0.000999,0.000882,0.000955,2057238
2015-11-04,0.001159,0.001162,0.001145,0.001145,2124050
2015-11-05,0.001558,0.001571,0.001516,0.001546,2414410
2015-11-06,0.000511,0.000530,0.000506,0.000517,2467257
2015-11-07,0.000515,0.000525,0.000506,0.000508,2319782
2015-11-08,0.000703,0.000713,0.000697,0.000710,2202937
2015-11-09,0.000491,0.000493,0.000454,0.000464,2288329
2015-11-10,0.000516,0.000535,0.000494,0.000502,2122276
2015-11-11,0.000508,0.000533,0.000503,0.000526,2125402
2015-11-12,0.000906,0.000925,0.000862,0.000874,2080782
2015-11-13,0.000996,0.001097,0.000985,0.001064,2041713
2015-11-14,0.002186,0.002199,0.002066,0.002122,2293355
2015-11-15,0.002329,0.002391,0.002311,0.002332,2537345
2015-11-16,0.002458,0.002486,0.002407,0.002450,2246157
2015-11-17,0.002607,0.002638,0.002483,0.002516,2598143
2015-11-18,0.002702,0.002742,0.002693,0.002700,2723363
2015-11-19,0.003039,0.003132,0.002782,0.002849,2858557
2015-11-20,0.003271,0.003375,0.003071,0.003146,2798797
2015-11-21,0.003486,0.003498,0.003370,0.003459,2593046
2015-11-22,0.004092,0.004192,0.004072,0.004160,1967494
2015-11-23,0.003843,0.003968,0.003688,0.003893,2284942
2015-11-24,0.004420,0.004578,0.004224,0.004236,2305904
2015-11-25,0.004198,0.004255,0.003913,0.004011,2535390
2015-11-26,0.004724,0.004758,0.004441,0.004628,2146618
2015-11-27,0.005644,0.005723,0.005633,0.005694,2287699
2015-11-28,0.005243,0.005402,0.005176,0.005291,2920090
2015-11-29,0.005535,0.005555,0.004950,0.005121,2724097
2015-11-30,0.005704,0.005756,0.005409,0.005562,2562776
2015-12-01,0.005237,0.005332,0.004951,0.005307,2651070
2015-12-02,0.005976,0.006184,0.005912,0.006092,2312641
2015-12-03,0.005158,0.005279,0.005014,0.005171,2345384
2015-12-04,0.005424,0.005583,0.005329,0.005566,2137320
2015-12-05,0.005706,0.005793,0.005420,0.005433,1712655
2015-12-06,0.005652,0.005821,0.005388,0.005496,1980180
2015-12-07,0.005602,0.005709,0.005547,0.005603,2120674
2015-12-08,0.005522,0.005769,0.005179,0.005265,1797549
2015-12-09,0.004994,0.005108,0.004978,0.005028,2007047
2015-12-10,0.005203,0.005393,0.005035,0.005344,2132447
2015-12-11,0.005524,0.005558,0.005207,0.005208,2254516
2015-12-12,0.006553,0.006692,0.006371,0.006593,2050236
2015-12-13,0.006630,0.006658,0.006239,0.006387,2266353
2015-12-14,0.006889,0.007536,0.006826,0.007441,2096636
2015-12-15,0.006795,0.006910,0.006771,0.006893,1912450
2015-12-16,0.007015,0.007482,0.006906,0.007388,1991491
2015-12-17,0.006914,0.007117,0.006879,0.007063,1884496
2015-12-18,0.007563,0.007734,0.007506,0.007553,2170367
2015-12-19,0.007079,0.007233,0.006894,0.007108,2319954
2015-12-20,0.007469,0.007636,0.006660,0.007009,2752370
2015-12-21,0.007051,0.007280,0.007021,0.007269,2660943
2015-12-22,0.007170,0.007389,0.006921,0.007330,2675334
2015-12-23,0.006677,0.006803,0.006603,0.006721,3268810
2015-12-24,0.007492,0.007697,0.007108,0.007234,4064089
2015-12-25,0.007337,0.007528,0.007335,0.007493,4201921
2015-12-26,0.008096,0.008313,0.007980,0.008180,4697750
2015-12-27,0.007855,0.007909,0.007553,0.007706,4808334
2015-12-28,0.007590,0.007792,0.007539,0.007665,4699912
2015-12-29,0.007283,0.007290,0.007180,0.007228,3767929
2015-12-30,0.006756,0.006850,0.006338,0.006380,3944453
2015-12-31,0.005983,0.006241,0.005983,0.006123,3637908
2016-01-01,0.005299,0.005335,0.005270,0.005302,3576392
2016-01-02,0.005812,0.006049,0.005735,0.005889,3353511
2016-01-03,0.005336,0.005417,0.005099,0.005391,3318210
2016-01-04,0.005529,0.005851,0.005414,0.005643,3166060
2016-01-05,0.005986,0.006186,0.005919,0.006023,3468241
2016-01-06,0.006098,0.006293,0.005914,0.006221,3275663
2016-01-07,0.005657,0.005727,0.005349,0.005513,3871904
2016-01-08,0.005564,0.005629,0.005315,0.005385,3831060
2016-01-09,0.005264,0.005434,0.005231,0.005243,4060282
2016-01-10,0.005935,0.005991,0.005696,0.005920,4158801
2016-01-11,0.005792,0.005907,0.005704,0.005890,4082817
2016-01-12,0.004946,0.004993,0.004724,0.004795,4565436
2016-01-13,0.005811,0.006378,0.005637,0.006065,4694597
2016-01-14,0.005762,0.005846,0.005652,0.005655,5059239
2016-01-15,0.004666,0.004683,0.004517,0.004533,5261339
2016-01-16,0.004575,0.004640,0.004542,0.004616,5539457
2016-01-17,0.004739,0.004752,0.004465,0.004555,5860468
2016-01-18,0.004756,0.004840,0.004696,0.004712,6406506
2016-01-19,0.004356,0.004460,0.004192,0.004242,6771843
2016-01-20,0.004865,0.004929,0.004706,0.004800,5883659
2016-01-21,0.004032,0.004165,0.003986,0.004116,5426592
2016-01-22,0.003386,0.003419,0.003334,0.003341,5759542
2016-01-23,0.002516,0.002541,0.002367,0.002410,5379666
2016-01-24,0.003013,0.003019,0.002917,0.002938,4331169
2016-01-25,0.002583,0.002624,0.002548,0.002561,3582988
2016-01-26,0.003270,0.003368,0.003098,0.003108,3487321
2016-01-27,0.002789,0.002955,0.002724,0.002870,3737910
2016-01-28,0.002187,0.002344,0.002167,0.002303,3405972
2016-01-29,0.001766,0.001864,0.001718,0.001835,3793452
2016-01-30,0.002149,0.002217,0.002077,0.002085,3816932
2016-01-31,0.001857,0.001859,0.001850,0.001854,3910584
2016-02-01,0.001519,0.001547,0.001444,0.001477,4612540
2016-02-02,0.002643,0.002644,0.002618,0.002643,4931078
2016-02-03,0.002464,0.002480,0.002425,0.002451,4802692
2016-02-04,0.001578,0.001629,0.001577,0.001611,5211408
2016-02-05,0.002463,0.002610,0.002433,0.002597,4553737
2016-02-06,0.002134,0.002156,0.002035,0.002111,4675440
2016-02-07,0.002009,0.002040,0.001950,0.001968,5146262
2016-02-08,0.002072,0.002120,0.002054,0.002106,5114060
2016-02-09,0.002809,0.002870,0.002657,0.002679,4851923
2016-02-10,0.002318,0.002381,0.002253,0.002282,4663473
2016-02-11,0.002836,0.002850,0.002808,0.002824,4786253
2016-02-12,0.002647,0.002667,0.002601,0.002630,4978127
2016-02-13,0.002345,0.002415,0.002295,0.002341,4920406
2016-02-14,0.002981,0.003080,0.002916,0.002982,4519569
2016-02-15,0.003384,0.003468,0.003358,0.003366,5042874
2016-02-16,0.003941,0.003945,0.003810,0.003863,4799201
2016-02-17,0.003866,0.003985,0.003840,0.003902,5079082
2016-02-18,0.003563,0.003717,0.003475,0.003701,5733690
2016-02-19,0.002780,0.002861,0.002698,0.002746,5353048
2016-02-20,0.001988,0.002041,0.001951,0.001988,5132992
2016-02-21,0.001795,0.001825,0.001784,0.001811,5637572
2016-02-22,0.001292,0.001354,0.001286,0.001337,5562962
2016-02-23,0.001296,0.001302,0.001252,0.001299,5681816
2016-02-24,0.001624,0.001631,0.001563,0.001602,5091050
2016-02-25,0.001097,0.001129,0.001060,0.001073,5096685
2016-02-26,0.000564,0.000588,0.000545,0.000578,5273686
2016-02-27,0.000728,0.000729,0.000677,0.000713,4848817
2016-02-28,0.000925,0.000943,0.000914,0.000940,5077136
2016-02-29,0.000493,0.000508,0.000484,0.000499,5184105
2016-03-01,0.000488,0.000503,0.000470,0.000500,5015131
2016-03-02,0.000491,0.000497,0.000484,0.000486,5129826
2016-03-03,0.000539,0.000571,0.000534,0.000555,4882277
2016-03-04,0.000492,0.000507,0.000460,0.000475,5691790
2016-03-05,0.000506,0.000518,0.000493,0.000497,5504072
2016-03-06,0.000700,0.000723,0.000674,0.000719,4739787
2016-03-07,0.000492,0.000502,0.000471,0.000497,3876306
2016-03-08,0.000550,0.000567,0.000535,0.000539,3817243
2016-03-09,0.000485,0.000487,0.000482,0.000485,3945730
2016-03-10,0.000816,0.000830,0.000798,0.000819,3810685
2016-03-11,0.000641,0.000645,0.000634,0.000643,3246151
2016-03-12,0.000505,0.000506,0.000472,0.000479,2743356
2016-03-13,0.000876,0.000897,0.000858,0.000867,2914177
2016-03-14,0.000660,0.000681,0.000639,0.000645,3225101
2016-03-15,0.001341,0.001400,0.001317,0.001378,3564494
2016-03-16,0.001741,0.001814,0.001737,0.001802,3445808
2016-03-17,0.002418,0.002477,0.002213,0.002316,3021568
2016-03-18,0.002148,0.002329,0.002139,0.002234,2838262
2016-03-19,0.001950,0.001985,0.001912,0.001963,2664721
2016-03-20,0.001936,0.001983,0.001921,0.001969,2629991
2016-03-21,0.001703,0.001718,0.001676,0.001717,2699861
2016-03-22,0.002369,0.002439,0.002352,0.002413,3071869
2016-03-23,0.002883,0.003076,0.002874,0.003028,3181638
2016-03-24,0.002622,0.002687,0.002534,0.002541,3266393
2016-03-25,0.002967,0.003041,0.002771,0.002840,3436058
2016-03-26,0.003342,0.003346,0.003310,0.003320,3731359
2016-03-27,0.002649,0.002683,0.002521,0.002578,4078149
2016-03-28,0.003095,0.003124,0.002970,0.003021,3926912
2016-03-29,0.003044,0.003255,0.003032,0.003191,3852098
2016-03-30,0.002985,0.003011,0.002930,0.002977,3928890
2016-03-31,0.002762,0.002848,0.002700,0.002814,4965071
2016-04-01,0.002749,0.002820,0.002637,0.002662,4517469
2016-04-02,0.002635,0.002642,0.002477,0.002548,4651766
2016-04-03,0.002426,0.002506,0.002369,0.002491,5090288
2016-04-04,0.002371,0.002474,0.002358,0.002383,4993376
2016-04-05,0.002570,0.002581,0.002456,0.002523,4423522
2016-04-06,0.002202,0.002208,0.002133,0.002136,4464287
2016-04-07,0.001709,0.001832,0.001675,0.001769,4704936
2016-04-08,0.001694,0.001784,0.001660,0.001690,4763310
2016-04-09,0.001368,0.001402,0.001333,0.001387,4772058
2016-04-10,0.001580,0.001585,0.001553,0.001559,5209692
2016-04-11,0.001508,0.001578,0.001495,0.001557,5454210
2016-04-12,0.002082,0.002114,0.001946,0.002047,4870352
2016-04-13,0.002372,0.002372,0.002331,0.002334,5596108
2016-04-14,0.001746,0.001747,0.001718,0.001742,4929598
2016-04-15,0.001920,0.001976,0.001913,0.001934,4606049
2016-04-16,0.002935,0.003130,0.002843,0.003061,4426170
2016-04-17,0.001777,0.001846,0.001763,0.001811,4647340
2016-04-18,0.002791,0.002913,0.002782,0.002877,4347462
2016-04-19,0.002795,0.002814,0.002701,0.002731,5024653
2016-04-20,0.002422,0.002546,0.002402,0.002485,4668927
2016-04-21,0.001843,0.001851,0.001722,0.001803,4893065
2016-04-22,0.001500,0.001510,0.001355,0.001394,5209908
2016-04-23,0.001228,0.001305,0.001213,0.001262,5111633
2016-04-24,0.001295,0.001322,0.001268,0.001282,5346299
2016-04-25,0.002190,0.002233,0.002137,0.002218,5834995
2016-04-26,0.002518,0.002527,0.002412,0.002504,5907603
2016-04-27,0.002309,0.002397,0.002300,0.002374,6071715
2016-04-28,0.002834,0.002937,0.002732,0.002879,6545821
2016-04-29,0.003085,0.003113,0.002849,0.002863,5759535
2016-04-30,0.002738,0.002799,0.002731,0.002796,6465763
2016-05-01,0.002441,0.002515,0.002295,0.002330,6681252
2016-05-02,0.002269,0.002322,0.002162,0.002217,6875008
2016-05-03,0.001907,0.001955,0.001904,0.001946,6521095
2016-05-04,0.001649,0.001663,0.001559,0.001610,7690703
2016-05-05,0.001281,0.001368,0.001203,0.001338,6825513
2016-05-06,0.001452,0.001479,0.001372,0.001398,5820500
2016-05-07,0.001390,0.001420,0.001269,0.001302,5553213
2016-05-08,0.001402,0.001436,0.001386,0.001389,5100500
2016-05-09,0.000854,0.000860,0.000834,0.000846,5010263
2016-05-10,0.001140,0.001156,0.001110,0.001149,4708034
2016-05-11,0.000616,0.000622,0.000609,0.000617,4735145
2016-05-12,0.001297,0.001303,0.001262,0.001291,4821266
2016-05-13,0.001947,0.002027,0.001890,0.001943,5259178
2016-05-14,0.002219,0.002414,0.002105,0.002279,5881455
2016-05-15,0.003061,0.003185,0.003047,0.003133,5852799
2016-05-16,0.003107,0.003234,0.003073,0.003219,5902532
2016-05-17,0.003250,0.003370,0.003189,0.003352,5462560
2016-05-18,0.003520,0.003543,0.003475,0.003506,5451588
2016-05-19,0.002899,0.003009,0.002841,0.002878,6010583
2016-05-20,0.002528,0.002768,0.002515,0.002608,6493689
2016-05-21,0.002216,0.002228,0.002185,0.002203,6336602
2016-05-22,0.002140,0.002166,0.002112,0.002138,6214249
2016-05-23,0.001647,0.001667,0.001633,0.001641,5839025
2016-05-24,0.000967,0.000998,0.000925,0.000969,5341564
2016-05-25,0.000990,0.001018,0.000945,0.001015,5677431
2016-05-26,0.001133,0.001203,0.001115,0.001179,5090815
2016-05-27,0.002122,0.002205,0.002115,0.002130,5213811
2016-05-28,0.001707,0.001814,0.001684,0.001756,5041810
2016-05-29,0.001412,0.001511,0.001402,0.001508,4450740
2016-05-30,0.002034,0.002059,0.001883,0.001921,4338634
2016-05-31,0.002246,0.002260,0.002122,0.002148,4366663
2016-06-01,0.002747,0.002767,0.002734,0.002742,5122223
2016-06-02,0.002965,0.003089,0.002854,0.002869,5213204
2016-06-03,0.003189,0.003294,0.003037,0.003084,5374084
2016-06-04,0.002915,0.002977,0.002875,0.002917,5889415
2016-06-05,0.002127,0.002135,0.002033,0.002076,4834018
2016-06-06,0.002483,0.002525,0.002369,0.002432,4823269
2016-06-07,0.003203,0.003244,0.003100,0.003216,4436909
2016-06-08,0.003914,0.003981,0.003803,0.003896,4355939
2016-06-09,0.002749,0.002806,0.002680,0.002728,4423457
2016-06-10,0.002440,0.002579,0.002439,0.002489,4675381
2016-06-11,0.002841,0.002909,0.002792,0.002866,4462683
2016-06-12,0.002826,0.002992,0.002733,0.002934,4515319
2016-06-13,0.002916,0.002962,0.002810,0.002952,4427876
2016-06-14,0.003572,0.003752,0.003515,0.003708,3986178
2016-06-15,0.003365,0.003394,0.003285,0.003319,3203988
2016-06-16,0.002939,0.003147,0.002936,0.002974,2928693
2016-06-17,0.003114,0.003255,0.003049,0.003187,2678800
2016-06-18,0.002763,0.002786,0.002684,0.002688,2447049
2016-06-19,0.002521,0.002738,0.002459,0.002599,2215954
2016-06-20,0.002250,0.002291,0.002172,0.002209,2300494
2016-06-21,0.002834,0.002885,0.002779,0.002822,2465706
2016-06-22,0.002267,0.002284,0.002221,0.002272,2753179
2016-06-23,0.002895,0.002940,0.002800,0.002870,3048430
2016-06-24,0.003186,0.003193,0.002999,0.003041,3265783
2016-06-25,0.003726,0.003804,0.003618,0.003672,2921318
2016-06-26,0.002974,0.003080,0.002902,0.003061,2636794
2016-06-27,0.003999,0.004046,0.003910,0.003957,2697434
2016-06-28,0.004610,0.004720,0.004518,0.004677,2644801
2016-06-29,0.003991,0.003996,0.003939,0.003989,2499227
2016-06-30,0.004506,0.004709,0.004457,0.004645,2695798
2016-07-01,0.004218,0.004328,0.004002,0.004037,3137502
2016-07-02,0.003832,0.003909,0.003805,0.003810,2914389
2016-07-03,0.002951,0.002997,0.002687,0.002772,2754997
2016-07-04,0.003066,0.003170,0.002900,0.002960,2233770
2016-07-05,0.002898,0.002971,0.002884,0.002905,2354122
2016-07-06,0.003531,0.003562,0.003436,0.003467,2080119
2016-07-07,0.003745,0.003753,0.003557,0.003679,2043194
2016-07-08,0.003879,0.004387,0.003843,0.004121,2153512
2016-07-09,0.003664,0.003766,0.003660,0.003716,2006146
2016-07-10,0.004471,0.004610,0.004262,0.004406,1799158
2016-07-11,0.004449,0.004484,0.004123,0.004171,1916581
2016-07-12,0.004690,0.004933,0.004471,0.004648,1986392
2016-07-13,0.004414,0.004641,0.004392,0.004560,2035703
2016-07-14,0.005440,0.005501,0.005302,0.005463,1829303
2016-07-15,0.005803,0.005842,0.005518,0.005777,1889808
2016-07-16,0.006598,0.007139,0.006583,0.006859,2077126
2016-07-17,0.006902,0.007140,0.006800,0.006993,2472603
2016-07-18,0.006876,0.007232,0.006772,0.006990,2500462
2016-07-19,0.008230,0.008638,0.008003,0.008635,2342862
2016-07-20,0.007651,0.007708,0.007492,0.007520,2212598
2016-07-21,0.007207,0.007314,0.006674,0.006743,2384243
2016-07-22,0.007901,0.007976,0.007761,0.007832,2379928
2016-07-23,0.008428,0.008458,0.008166,0.008227,2527591
2016-07-24,0.008512,0.008943,0.008279,0.008726,2332517
2016-07-25,0.008079,0.008424,0.008040,0.008230,2744554
2016-07-26,0.008500,0.008580,0.008286,0.008536,2697890
2016-07-27,0.008628,0.008727,0.008612,0.008640,3431967
2016-07-28,0.009027,0.009246,0.008924,0.008953,3695504
2016-07-29,0.009227,0.009361,0.009166,0.009181,3334289
2016-07-30,0.008715,0.008727,0.008103,0.008232,3185396
2016-07-31,0.008697,0.008949,0.008436,0.008644,2948820
2016-08-01,0.008716,0.009268,0.008678,0.009267,2837196
2016-08-02,0.009442,0.010078,0.009433,0.009941,2398624
2016-08-03,0.009824,0.009952,0.009355,0.009372,2607666
2016-08-04,0.010277,0.010694,0.009928,0.010492,2902258
2016-08-05,0.010868,0.011162,0.010671,0.011119,3090707
2016-08-06,0.010341,0.010562,0.009809,0.010194,2971321
2016-08-07,0.011431,0.011515,0.011012,0.011187,3131293
2016-08-08,0.010466,0.010760,0.010367,0.010429,3826643
2016-08-09,0.010811,0.011083,0.010638,0.010946,4302121
2016-08-10,0.009535,0.009766,0.009205,0.009555,3977788
2016-08-11,0.010889,0.010930,0.010516,0.010688,3810901
2016-08-12,0.010412,0.010981,0.009937,0.010625,3253932
2016-08-13,0.010935,0.010990,0.009876,0.010126,3364133
2016-08-14,0.010873,0.011084,0.010287,0.010537,3766952
2016-08-15,0.011099,0.011380,0.010875,0.011188,3736274
2016-08-16,0.011416,0.011522,0.010756,0.010909,3475191
2016-08-17,0.011413,0.012331,0.011295,0.012142,3752303
2016-08-18,0.010912,0.011122,0.010471,0.010764,4145026
2016-08-19,0.010596,0.010826,0.009981,0.010392,3706336
2016-08-20,0.010394,0.010591,0.010358,0.010480,3113286
2016-08-21,0.009034,0.009115,0.008810,0.009018,2843209
2016-08-22,0.009727,0.009972,0.009532,0.009699,2477577
2016-08-23,0.009728,0.010087,0.009088,0.009217,2419342
2016-08-24,0.010163,0.010398,0.009820,0.010300,2691373
2016-08-25,0.010566,0.010898,0.010044,0.010295,2661400
2016-08-26,0.010283,0.011186,0.010105,0.010923,2915255
2016-08-27,0.010596,0.010703,0.010170,0.010184,2801807
2016-08-28,0.010795,0.011139,0.010553,0.010639,3213477
2016-08-29,0.011155,0.011681,0.010922,0.011342,3300614
2016-08-30,0.010703,0.010883,0.010322,0.010507,2801598
2016-08-31,0.011110,0.012182,0.011046,0.012103,2846500
2016-09-01,0.010567,0.010847,0.010086,0.010142,3051103
2016-09-02,0.010779,0.011051,0.010322,0.010984,3189660
2016-09-03,0.011634,0.012495,0.011612,0.012461,2705453
2016-09-04,0.011874,0.012069,0.011476,0.011565,2696147
2016-09-05,0.012141,0.012222,0.011601,0.012010,3142161
2016-09-06,0.013716,0.014916,0.013305,0.014217,2439100
2016-09-07,0.014205,0.014890,0.013954,0.014366,2240385
2016-09-08,0.014139,0.014515,0.013979,0.014444,2329205
2016-09-09,0.015614,0.016042,0.015238,0.015868,2398860
2016-09-10,0.015475,0.015652,0.015079,0.015211,2434876
2016-09-11,0.015234,0.016041,0.015220,0.015844,2945962
2016-09-12,0.015809,0.016958,0.015776,0.016673,2826170
2016-09-13,0.015922,0.016692,0.015493,0.016513,3084233
2016-09-14,0.014736,0.015451,0.014361,0.015240,3028976
2016-09-15,0.015084,0.015309,0.014901,0.015127,2918024
2016-09-16,0.014814,0.015150,0.013724,0.014064,3121295
2016-09-17,0.015200,0.015347,0.015114,0.015323,3035501
2016-09-18,0.015444,0.016815,0.015335,0.016198,3512938
2016-09-19,0.015760,0.015789,0.015014,0.015350,4124719
2016-09-20,0.015468,0.016212,0.015223,0.015803,4242872
2016-09-21,0.015526,0.016175,0.015362,0.015581,4508643
2016-09-22,0.015156,0.015506,0.014656,0.014709,4032348
2016-09-23,0.016037,0.016886,0.015973,0.016641,4112566
2016-09-24,0.016153,0.016353,0.015744,0.016001,3750614
2016-09-25,0.016049,0.016577,0.015782,0.016268,3843758
2016-09-26,0.015718,0.016012,0.015194,0.015275,3906877
2016-09-27,0.015684,0.015718,0.015367,0.015408,3866927
2016-09-28,0.016465,0.017097,0.016457,0.016906,3555256
2016-09-29,0.016779,0.017221,0.016312,0.016582,3546970
2016-09-30,0.017013,0.017345,0.016632,0.017292,3377636
2016-10-01,0.017042,0.017412,0.015728,0.016442,3304110
2016-10-02,0.017446,0.017527,0.017137,0.017178,3796791
2016-10-03,0.016567,0.018759,0.016441,0.017704,3087545
2016-10-04,0.016309,0.016473,0.015318,0.015487,2818618
2016-10-05,0.016844,0.018040,0.016585,0.017324,2940679
2016-10-06,0.016000,0.016211,0.014897,0.015457,2906760
2016-10-07,0.015500,0.015848,0.014132,0.014825,3250555
2016-10-08,0.015879,0.015989,0.015480,0.015583,3576051
2016-10-09,0.015758,0.016363,0.014206,0.014897,3651772
2016-10-10,0.016294,0.016759,0.016142,0.016335,3509387
2016-10-11,0.016619,0.016711,0.015538,0.015823,2967760
2016-10-12,0.015640,0.016361,0.015575,0.016302,3105034
2016-10-13,0.015825,0.015983,0.015442,0.015619,3021214
2016-10-14,0.016219,0.017183,0.015934,0.016888,3077300
2016-10-15,0.017261,0.017833,0.016868,0.017618,3115361
2016-10-16,0.017041,0.017610,0.015917,0.016279,3099322
2016-10-17,0.018703,0.019339,0.018637,0.019282,3335019
2016-10-18,0.017643,0.017952,0.017453,0.017702,3213628
2016-10-19,0.017734,0.018454,0.017690,0.018336,2691870
2016-10-20,0.017548,0.017704,0.017026,0.017206,3168310
2016-10-21,0.019915,0.020332,0.019622,0.020328,3181581
2016-10-22,0.018393,0.019332,0.017721,0.017726,3131698
2016-10-23,0.018546,0.018607,0.017573,0.017809,3253838
2016-10-24,0.018318,0.019174,0.018029,0.018869,3252656
2016-10-25,0.017855,0.018885,0.017145,0.018097,3086841
2016-10-26,0.017505,0.018347,0.017359,0.018294,3614735
2016-10-27,0.017473,0.018716,0.016572,0.018665,3908285
2016-10-28,0.017220,0.017369,0.016838,0.016952,3794980
2016-10-29,0.017434,0.018051,0.016939,0.017552,3212196
2016-10-30,0.017667,0.018623,0.017323,0.018177,3025530
2016-10-31,0.017527,0.017876,0.017355,0.017385,2910883
2016-11-01,0.017336,0.017665,0.016944,0.017558,2034617
2016-11-02,0.017805,0.017909,0.017062,0.017126,1887707
2016-11-03,0.018240,0.018490,0.017301,0.017507,1590734
2016-11-04,0.019629,0.019670,0.019388,0.019553,1563949
2016-11-05,0.019084,0.019737,0.018733,0.018807,1450983
2016-11-06,0.019826,0.020625,0.019621,0.019768,1126520
2016-11-07,0.019550,0.020688,0.019436,0.020210,994859
2016-11-08,0.019839,0.020522,0.017960,0.019201,820997
2016-11-09,0.019291,0.019329,0.018090,0.018186,941818
2016-11-10,0.019624,0.020459,0.019001,0.020098,877957
2016-11-11,0.020445,0.020649,0.019926,0.020065,984133
2016-11-12,0.019014,0.019498,0.018297,0.019148,865706
2016-11-13,0.020314,0.020664,0.018524,0.019009,822380
2016-11-14,0.019685,0.019775,0.019130,0.019272,796504
2016-11-15,0.019507,0.020659,0.018869,0.020512,810873
2016-11-16,0.019450,0.019643,0.019008,0.019030,827754
2016-11-17,0.019943,0.021609,0.019472,0.021071,902574
2016-11-18,0.019274,0.019795,0.019213,0.019419,1002223
2016-11-19,0.019687,0.019690,0.019138,0.019291,892484
2016-11-20,0.020109,0.020652,0.019851,0.020650,743742
2016-11-21,0.020550,0.021588,0.020350,0.020515,789514
2016-11-22,0.019208,0.019376,0.018420,0.018748,717478
2016-11-23,0.020098,0.020218,0.019081,0.019877,668913
2016-11-24,0.020211,0.020751,0.019891,0.020579,738801
2016-11-25,0.019703,0.020501,0.019580,0.020197,806555
2016-11-26,0.019283,0.019533,0.018309,0.018586,722327
2016-11-27,0.020425,0.020529,0.019565,0.019735,720051
2016-11-28,0.020901,0.021259,0.020686,0.020902,661277
2016-11-29,0.020400,0.020534,0.019156,0.019378,665421
2016-11-30,0.020260,0.020714,0.019555,0.019986,618259
2016-12-01,0.021284,0.022402,0.021104,0.021933,652510
2016-12-02,0.020491,0.020924,0.019110,0.019398,508041
2016-12-03,0.020405,0.021202,0.020312,0.020499,556646
2016-12-04,0.021206,0.021425,0.020483,0.021319,474753
2016-12-05,0.021314,0.022378,0.020420,0.021962,440147
2016-12-06,0.021947,0.022608,0.021472,0.022248,444763
2016-12-07,0.022116,0.022479,0.021708,0.021920,519193
2016-12-08,0.021699,0.021991,0.020831,0.021495,480512
2016-12-09,0.022894,0.023469,0.021876,0.022103,455221
2016-12-10,0.022674,0.022973,0.021715,0.022338,415460
2016-12-11,0.023893,0.024378,0.023310,0.023698,479896
2016-12-12,0.022512,0.022762,0.021677,0.021748,447914
2016-12-13,0.023413,0.024918,0.023077,0.024241,416686
2016-12-14,0.022680,0.023436,0.022358,0.022542,429943
2016-12-15,0.022445,0.022956,0.021960,0.022655,414180
2016-12-16,0.021511,0.021874,0.020262,0.020766,441591
2016-12-17,0.022409,0.022592,0.021623,0.021743,411029
2016-12-18,0.021543,0.021898,0.021244,0.021364,417843
2016-12-19,0.021807,0.022054,0.021108,0.021146,437258
2016-12-20,0.021421,0.022215,0.021412,0.021969,412355
2016-12-21,0.022727,0.022962,0.022333,0.022470,388824
2016-12-22,0.021176,0.021391,0.020225,0.020277,378104
2016-12-23,0.021383,0.021427,0.021191,0.021415,346927
2016-12-24,0.020672,0.021022,0.020538,0.020811,326748
2016-12-25,0.021256,0.021995,0.020154,0.020295,302123
2016-12-26,0.020964,0.021299,0.019847,0.020712,279086
2016-12-27,0.021687,0.022454,0.020965,0.022425,284216
2016-12-28,0.021629,0.022498,0.021324,0.022155,284542
2016-12-29,0.020945,0.021748,0.020642,0.020779,285492
2016-12-30,0.021733,0.023088,0.021339,0.022752,347285
2016-12-31,0.022725,0.023780,0.022331,0.023602,347816
2017-01-01,0.022214,0.022401,0.020977,0.021227,349750
2017-01-02,0.021991,0.023477,0.021826,0.023301,327113
2017-01-03,0.021973,0.022895,0.021840,0.022500,329856
2017-01-04,0.022148,0.022165,0.021253,0.021356,385898
2017-01-05,0.021399,0.022138,0.021038,0.021500,350347
2017-01-06,0.022123,0.022518,0.021178,0.022069,319600
2017-01-07,0.022029,0.023178,0.021738,0.022890,282494
2017-01-08,0.021077,0.021257,0.020688,0.021017,301090
2017-01-09,0.020242,0.021982,0.019566,0.021777,305316
2017-01-10,0.021655,0.021964,0.020868,0.021825,285114
2017-01-11,0.021613,0.021870,0.021003,0.021382,315464
2017-01-12,0.021725,0.022165,0.020447,0.020464,298434
2017-01-13,0.021893,0.023030,0.021741,0.022665,265939
2017-01-14,0.021476,0.022033,0.020694,0.021231,244901
2017-01-15,0.021960,0.022903,0.021720,0.022490,235350
2017-01-16,0.021963,0.023136,0.021796,0.022799,213369
2017-01-17,0.021933,0.022346,0.021847,0.021981,215720
2017-01-18,0.021244,0.021349,0.020450,0.020735,218789
2017-01-19,0.020156,0.020301,0.019712,0.019727,224344
2017-01-20,0.020359,0.020451,0.019120,0.019672,224891
2017-01-21,0.019571,0.019684,0.019058,0.019489,198513
2017-01-22,0.020562,0.021095,0.019318,0.020092,185461
2017-01-23,0.021082,0.021780,0.020544,0.021318,174228
2017-01-24,0.020537,0.020890,0.019619,0.020883,193113
2017-01-25,0.020815,0.020850,0.019687,0.020015,202340
2017-01-26,0.019834,0.020016,0.019647,0.019679,162123
2017-01-27,0.019917,0.020095,0.019353,0.019910,179143
2017-01-28,0.019555,0.020103,0.019190,0.019885,203985
2017-01-29,0.019701,0.019825,0.018921,0.019361,196508
2017-01-30,0.019689,0.019848,0.019528,0.019772,183841
2017-01-31,0.019001,0.020149,0.018637,0.019481,196413
2017-02-01,0.019612,0.019743,0.019044,0.019655,194265
2017-02-02,0.020120,0.020529,0.019500,0.019799,191093
2017-02-03,0.019245,0.019560,0.017523,0.017981,166923
2017-02-04,0.021704,0.023124,0.021631,0.022429,152898
2017-02-05,0.021511,0.022333,0.020816,0.021959,131329
2017-02-06,0.022379,0.023100,0.021673,0.021926,137387
2017-02-07,0.022294,0.023655,0.022175,0.023023,146511
2017-02-08,0.021942,0.022785,0.021930,0.022635,134285
2017-02-09,0.021584,0.021743,0.021523,0.021721,124071
2017-02-10,0.022487,0.023168,0.022011,0.022629,121792
2017-02-11,0.021527,0.021727,0.020532,0.021327,119994
2017-02-12,0.022254,0.022339,0.020062,0.020516,115319
2017-02-13,0.022811,0.022878,0.021764,0.022209,106439
2017-02-14,0.022770,0.023009,0.022129,0.022297,100000
2017-02-15,0.021753,0.022201,0.021373,0.022088,100000
2017-02-16,0.021741,0.022023,0.021437,0.021994,100000
2017-02-17,0.022036,0.022943,0.020977,0.021457,107347
2017-02-18,0.020993,0.021864,0.019736,0.020212,111035
2017-02-19,0.021479,0.021678,0.019897,0.020675,116871
2017-02-20,0.021514,0.021972,0.020647,0.021170,100000
2017-02-21,0.021037,0.021539,0.021015,0.021140,110343
2017-02-22,0.020854,0.020865,0.020383,0.020465,108812
2017-02-23,0.020157,0.020270,0.019831,0.020040,104591
2017-02-24,0.020738,0.021297,0.020120,0.020370,100000
2017-02-25,0.020773,0.020823,0.019854,0.020767,110293
2017-02-26,0.021124,0.021149,0.020792,0.021093,100000
2017-02-27,0.020341,0.020566,0.019356,0.019845,100000
2017-02-28,0.019593,0.020453,0.019376,0.019926,102630
2017-03-01,0.020447,0.020471,0.019488,0.019493,106358
2017-03-02,0.019894,0.020111,0.019541,0.019575,101761
2017-03-03,0.019978,0.020836,0.019932,0.020156,102606
2017-03-04,0.019772,0.020086,0.019325,0.019861,106863
2017-03-05,0.019776,0.020411,0.018880,0.020289,123842
2017-03-06,0.020198,0.020566,0.019990,0.020344,112634
2017-03-07,0.020664,0.020688,0.020233,0.020564,113169
2017-03-08,0.021188,0.021759,0.020821,0.021408,114398
2017-03-09,0.021170,0.021477,0.020909,0.021321,113730
2017-03-10,0.021346,0.021914,0.020244,0.020923,118029
2017-03-11,0.021789,0.023365,0.021653,0.023312,138772
2017-03-12,0.021808,0.022240,0.019967,0.021051,120158
2017-03-13,0.022085,0.022326,0.020972,0.022148,112429
2017-03-14,0.021597,0.021756,0.021507,0.021601,114123
2017-03-15,0.021026,0.021468,0.020476,0.021109,100000
2017-03-16,0.020924,0.021449,0.020025,0.020124,100000
2017-03-17,0.020625,0.020731,0.020135,0.020413,103596
2017-03-18,0.020669,0.020863,0.020158,0.020186,100000
2017-03-19,0.021367,0.022187,0.021036,0.021211,105886
2017-03-20,0.022436,0.022497,0.022270,0.022380,113485
2017-03-21,0.022202,0.023547,0.022124,0.023185,111187
2017-03-22,0.022009,0.022514,0.021495,0.021847,100000
2017-03-23,0.021778,0.022247,0.021424,0.022058,100000
2017-03-24,0.022436,0.022831,0.022173,0.022319,119365
2017-03-25,0.022368,0.023025,0.022014,0.022897,117836
2017-03-26,0.022477,0.023145,0.021309,0.021723,102183
2017-03-27,0.022465,0.022600,0.021609,0.021707,113437
2017-03-28,0.022714,0.023314,0.022543,0.023139,112599
2017-03-29,0.022559,0.022980,0.021814,0.021929,102686
2017-03-30,0.023172,0.023889,0.021735,0.022483,109016
2017-03-31,0.024752,0.025008,0.024466,0.024733,118476
2017-04-01,0.025548,0.026613,0.024994,0.025682,120270
2017-04-02,0.026706,0.026819,0.025928,0.026320,122309
2017-04-03,0.026452,0.026875,0.025697,0.025779,126381
2017-04-04,0.026604,0.027404,0.026238,0.027324,116750
2017-04-05,0.026954,0.027832,0.026368,0.027741,127640
2017-04-06,0.025984,0.026774,0.025801,0.026223,137126
2017-04-07,0.025092,0.025401,0.024802,0.024961,147370
2017-04-08,0.024757,0.025440,0.024000,0.025167,155440
2017-04-09,0.025406,0.028167,0.024604,0.027795,158829
2017-04-10,0.025471,0.026325,0.023880,0.024338,151504
2017-04-11,0.026402,0.026915,0.026275,0.026772,158000
2017-04-12,0.026100,0.026492,0.025877,0.026450,165782
2017-04-13,0.025823,0.026952,0.025428,0.026244,168540
2017-04-14,0.025385,0.025785,0.024598,0.025599,199201
2017-04-15,0.024088,0.024267,0.023904,0.023925,174030
2017-04-16,0.024810,0.025284,0.023752,0.023935,179881
2017-04-17,0.025607,0.026130,0.025176,0.025976,191026
2017-04-18,0.025143,0.026818,0.025005,0.026442,168624
2017-04-19,0.024257,0.024767,0.023809,0.024343,161015
2017-04-20,0.023965,0.025873,0.023498,0.025616,157782
2017-04-21,0.024544,0.024723,0.023825,0.023940,155856
2017-04-22,0.024538,0.024575,0.023480,0.023493,175644
2017-04-23,0.024994,0.026791,0.024544,0.025681,183671
2017-04-24,0.025067,0.025530,0.024991,0.025409,180083
2017-04-25,0.025255,0.025854,0.025254,0.025790,174509
2017-04-26,0.023835,0.024033,0.022360,0.022958,174200
2017-04-27,0.023634,0.023857,0.022668,0.022980,185325
2017-04-28,0.025096,0.025707,0.025036,0.025159,174298
2017-04-29,0.025295,0.027210,0.025162,0.026537,197765
2017-04-30,0.026415,0.026654,0.024702,0.025595,204851
2017-05-01,0.026145,0.026986,0.025668,0.026889,190412
2017-05-02,0.023825,0.024128,0.022786,0.023001,174837
2017-05-03,0.025578,0.026009,0.024767,0.024866,176358
2017-05-04,0.025806,0.026788,0.024663,0.025141,154887
2017-05-05,0.025847,0.027307,0.024604,0.026272,156501
2017-05-06,0.024051,0.025125,0.023979,0.024906,123218
2017-05-07,0.024682,0.025184,0.024647,0.024963,121925
2017-05-08,0.024905,0.025258,0.023669,0.023837,111362
2017-05-09,0.025421,0.027043,0.024554,0.026599,114266
2017-05-10,0.025351,0.026721,0.024883,0.025971,100000
2017-05-11,0.024451,0.024701,0.023759,0.024041,110303
2017-05-12,0.025486,0.025765,0.024730,0.025435,130094
2017-05-13,0.024052,0.024851,0.023899,0.023921,135602
2017-05-14,0.024131,0.024619,0.022430,0.022453,138120
2017-05-15,0.023767,0.025465,0.023626,0.024618,153966
2017-05-16,0.024978,0.025746,0.024307,0.025054,167242
2017-05-17,0.025168,0.025762,0.024350,0.024469,144971
2017-05-18,0.024197,0.024742,0.023747,0.023841,147275
2017-05-19,0.023798,0.024043,0.023712,0.023764,136485
2017-05-20,0.023657,0.024044,0.022279,0.022742,126672
2017-05-21,0.024583,0.026219,0.024385,0.025662,131095
2017-05-22,0.024220,0.024387,0.023461,0.024216,121143
2017-05-23,0.023740,0.023772,0.023109,0.023196,124974
2017-05-24,0.024245,0.024592,0.022976,0.023416,116919
2017-05-25,0.024619,0.025003,0.024065,0.024315,104523
2017-05-26,0.024752,0.025693,0.024653,0.025273,100000
2017-05-27,0.024076,0.025798,0.023952,0.025315,100000
2017-05-28,0.024652,0.025572,0.024224,0.025134,100000
2017-05-29,0.024650,0.026103,0.024539,0.025646,133303
2017-05-30,0.025581,0.025950,0.025018,0.025782,124892
2017-05-31,0.024781,0.025629,0.024600,0.025199,152779
2017-06-01,0.025150,0.026025,0.024768,0.025566,125232
2017-06-02,0.024633,0.025042,0.024266,0.024358,103477
2017-06-03,0.024974,0.025684,0.024208,0.025431,103619
2017-06-04,0.026105,0.027984,0.025265,0.027557,105354
2017-06-05,0.024613,0.025161,0.024592,0.024631,106651
2017-06-06,0.024226,0.024802,0.023624,0.023869,100000
2017-06-07,0.023875,0.024562,0.023640,0.024486,100000
2017-06-08,0.024489,0.024940,0.022849,0.022861,100000
2017-06-09,0.024285,0.025018,0.024059,0.024348,111554
2017-06-10,0.023808,0.024588,0.023186,0.024097,120940
2017-06-11,0.023646,0.023862,0.023016,0.023323,119916
2017-06-12,0.023590,0.024088,0.023556,0.023847,110338
2017-06-13,0.024034,0.024460,0.023646,0.024076,104003
2017-06-14,0.023004,0.024099,0.022237,0.023522,100000
2017-06-15,0.024812,0.025674,0.023062,0.023435,100000
2017-06-16,0.024315,0.025655,0.023843,0.025097,100000
2017-06-17,0.023643,0.024408,0.023523,0.024248,100000
2017-06-18,0.024609,0.025189,0.023394,0.023638,105644
2017-06-19,0.022727,0.022894,0.021989,0.022487,108696
2017-06-20,0.022360,0.022914,0.021720,0.021912,100000
2017-06-21,0.023528,0.024802,0.023142,0.023308,100000
2017-06-22,0.023714,0.024152,0.022933,0.023178,100000
2017-06-23,0.022787,0.023733,0.022740,0.023590,100746
2017-06-24,0.023034,0.024453,0.022847,0.024098,115640
2017-06-25,0.022279,0.023459,0.021968,0.023078,128328
2017-06-26,0.021412,0.021702,0.020022,0.021108,141918
2017-06-27,0.021261,0.021287,0.020087,0.020199,137106
2017-06-28,0.021992,0.022095,0.021017,0.021135,161277
2017-06-29,0.021449,0.021686,0.020854,0.021625,154506
2017-06-30,0.021702,0.021792,0.021256,0.021664,159979
2017-07-01,0.020793,0.020972,0.019463,0.020198,199964
2017-07-02,0.020756,0.021253,0.020460,0.020511,201960
2017-07-03,0.022066,0.022088,0.021744,0.021839,191088
2017-07-04,0.023068,0.024895,0.022988,0.024483,192816
2017-07-05,0.022539,0.022753,0.021611,0.022628,177160
2017-07-06,0.021796,0.023450,0.020980,0.022870,177654
2017-07-07,0.022910,0.023441,0.021894,0.022699,147414
2017-07-08,0.023689,0.023945,0.022216,0.022726,138386
2017-07-09,0.023085,0.023372,0.022914,0.023114,125731
2017-07-10,0.022676,0.023412,0.021585,0.022160,127113
2017-07-11,0.023319,0.023662,0.023236,0.023524,113830
2017-07-12,0.022932,0.023677,0.022024,0.022126,112540
2017-07-13,0.022734,0.023928,0.022419,0.023173,113160
2017-07-14,0.023180,0.023911,0.023058,0.023761,125054
2017-07-15,0.023694,0.024155,0.022987,0.023754,129447
2017-07-16,0.023073,0.024683,0.022894,0.024217,124594
2017-07-17,0.022308,0.022320,0.021012,0.021892,124014
2017-07-18,0.023568,0.025088,0.022335,0.024869,118565
2017-07-19,0.021742,0.021792,0.020228,0.020835,103726
2017-07-20,0.023454,0.023790,0.022693,0.023511,100000
2017-07-21,0.022122,0.022921,0.021806,0.022703,100000
2017-07-22,0.021756,0.022651,0.021718,0.021830,109034
2017-07-23,0.021832,0.022896,0.021453,0.022603,121906
2017-07-24,0.021179,0.022427,0.021047,0.022156,123302
2017-07-25,0.021272,0.021310,0.020485,0.020536,117091
2017-07-26,0.022135,0.022303,0.020576,0.020739,117896
2017-07-27,0.021993,0.022371,0.021009,0.021534,125246
2017-07-28,0.020227,0.021267,0.020019,0.021129,124652
2017-07-29,0.021151,0.021421,0.020231,0.020294,137323
2017-07-30,0.020310,0.021538,0.020029,0.020743,118545
2017-07-31,0.020299,0.020701,0.020151,0.020366,128091
2017-08-01,0.020413,0.021338,0.019673,0.020886,128556
2017-08-02,0.019833,0.020285,0.018632,0.019089,126870
2017-08-03,0.020560,0.021281,0.020294,0.020702,115678
2017-08-04,0.020591,0.021141,0.020591,0.020851,117617
2017-08-05,0.020545,0.022020,0.020299,0.021554,127606
2017-08-06,0.020716,0.021054,0.019949,0.020123,124108
2017-08-07,0.020893,0.022310,0.020787,0.022165,131393
2017-08-08,0.021502,0.022367,0.021466,0.022035,130225
2017-08-09,0.020452,0.021611,0.020075,0.020812,138274
2017-08-10,0.021275,0.022515,0.020898,0.022300,129652
2017-08-11,0.021058,0.021598,0.020734,0.020937,152131
2017-08-12,0.020237,0.020827,0.020121,0.020708,151911
2017-08-13,0.021170,0.021390,0.020655,0.020894,173983
2017-08-14,0.021512,0.021833,0.020853,0.021208,161796
2017-08-15,0.020969,0.021698,0.020497,0.021694,146292
2017-08-16,0.022147,0.023661,0.021923,0.023061,177312
2017-08-17,0.019556,0.019679,0.018522,0.018525,179969
2017-08-18,0.020487,0.020790,0.020051,0.020418,183279
2017-08-19,0.020035,0.020509,0.019453,0.019656,199600
2017-08-20,0.018836,0.019039,0.017267,0.018405,182903
2017-08-21,0.019283,0.019942,0.019111,0.019934,185334
2017-08-22,0.018947,0.019443,0.018303,0.018764,219126
2017-08-23,0.019001,0.019366,0.018879,0.019091,228192
2017-08-24,0.018261,0.018762,0.018135,0.018222,213926
2017-08-25,0.018413,0.018685,0.017665,0.017943,143446
2017-08-26,0.017343,0.017496,0.015502,0.015988,126724
2017-08-27,0.017709,0.018231,0.017405,0.017956,120731
2017-08-28,0.018267,0.019615,0.018199,0.018560,129405
2017-08-29,0.018255,0.019113,0.017428,0.018982,119227
2017-08-30,0.017380,0.017836,0.017337,0.017534,107843
2017-08-31,0.018136,0.018351,0.017362,0.017419,111208
2017-09-01,0.018412,0.018823,0.017987,0.018807,126860
2017-09-02,0.017979,0.018890,0.017303,0.017347,119207
2017-09-03,0.018262,0.019035,0.017929,0.019014,100000
2017-09-04,0.018477,0.019072,0.017916,0.018502,100000
2017-09-05,0.019184,0.020028,0.017994,0.018240,110459
2017-09-06,0.018927,0.019343,0.018860,0.019274,100000
2017-09-07,0.018878,0.019385,0.018481,0.019228,100000
2017-09-08,0.018261,0.019113,0.017951,0.019032,100000
2017-09-09,0.018830,0.019440,0.018708,0.019204,101106
2017-09-10,0.019116,0.019266,0.018428,0.018801,100000
2017-09-11,0.019011,0.019162,0.018562,0.019030,100000
2017-09-12,0.019094,0.019183,0.018128,0.018562,101173
2017-09-13,0.019203,0.019422,0.018447,0.018951,106403
2017-09-14,0.018607,0.019875,0.018050,0.019753,100000
2017-09-15,0.019109,0.019520,0.018841,0.019328,100000
2017-09-16,0.019832,0.020075,0.018337,0.018551,100000
2017-09-17,0.020084,0.020228,0.018862,0.019106,100000
2017-09-18,0.019559,0.019577,0.017734,0.018211,100000
2017-09-19,0.018791,0.019213,0.018729,0.018833,100000
2017-09-20,0.018065,0.018123,0.017482,0.017955,100000
2017-09-21,0.017439,0.018053,0.017023,0.017856,115400
2017-09-22,0.017198,0.017654,0.017154,0.017423,107311
2017-09-23,0.017601,0.019071,0.017585,0.018791,100000
2017-09-24,0.017394,0.017869,0.017367,0.017647,102492
2017-09-25,0.018243,0.018989,0.017840,0.018369,109107
2017-09-26,0.018501,0.018722,0.017451,0.017812,112088
2017-09-27,0.018361,0.018713,0.018141,0.018502,100000
2017-09-28,0.018413,0.019209,0.018064,0.018179,110383
2017-09-29,0.018951,0.019018,0.017131,0.017412,118446
2017-09-30,0.019233,0.019511,0.019068,0.019321,127621
2017-10-01,0.019165,0.021019,0.019079,0.020524,118897
2017-10-02,0.018715,0.019171,0.016892,0.017136,124633
2017-10-03,0.020413,0.020928,0.020312,0.020388,126982
2017-10-04,0.019757,0.020220,0.019222,0.019526,135053
2017-10-05,0.018988,0.019306,0.018160,0.018739,115228
2017-10-06,0.020103,0.021046,0.019937,0.020577,100000
2017-10-07,0.019863,0.019987,0.019132,0.019586,100000
2017-10-08,0.019850,0.019946,0.019497,0.019639,100000
2017-10-09,0.020445,0.021138,0.020337,0.021008,105175
2017-10-10,0.020662,0.021417,0.019923,0.019942,100988
2017-10-11,0.020022,0.020079,0.019819,0.019876,103330
2017-10-12,0.019740,0.020425,0.019155,0.019367,110799
2017-10-13,0.020146,0.020347,0.019161,0.019256,116810
2017-10-14,0.021357,0.021565,0.019975,0.020319,100000
2017-10-15,0.020799,0.021733,0.020158,0.021638,106098
2017-10-16,0.020628,0.021366,0.019404,0.019892,114761
2017-10-17,0.020031,0.020774,0.019272,0.019709,122963
2017-10-18,0.020275,0.020418,0.019593,0.019739,131009
2017-10-19,0.020011,0.020217,0.019321,0.019448,134958
2017-10-20,0.020862,0.021569,0.020337,0.020434,148625
2017-10-21,0.019901,0.020130,0.019169,0.019321,158940
2017-10-22,0.020177,0.020424,0.019856,0.020413,177275
2017-10-23,0.019509,0.019903,0.019417,0.019594,180386
2017-10-24,0.019975,0.020127,0.019926,0.020001,203177
2017-10-25,0.018967,0.019297,0.018124,0.018189,229480
2017-10-26,0.018918,0.019111,0.018418,0.018685,234062
2017-10-27,0.019643,0.019999,0.019191,0.019298,176313
2017-10-28,0.019414,0.020276,0.018554,0.019202,174194
2017-10-29,0.019465,0.019701,0.019325,0.019690,157571
2017-10-30,0.019078,0.020187,0.017331,0.017618,158059
2017-10-31,0.018987,0.020025,0.018737,0.019771,153467
2017-11-01,0.017593,0.019285,0.017485,0.018824,134878
2017-11-02,0.017865,0.018382,0.017575,0.018093,133589
2017-11-03,0.017474,0.017978,0.017105,0.017256,142627
2017-11-04,0.018543,0.019157,0.017500,0.019023,155026
2017-11-05,0.016957,0.017624,0.016799,0.017601,159162
2017-11-06,0.018005,0.018397,0.017744,0.018190,165335
2017-11-07,0.018494,0.018984,0.016591,0.016745,178142
2017-11-08,0.017862,0.018515,0.017607,0.017960,185498
2017-11-09,0.018062,0.018290,0.017902,0.018217,179881
2017-11-10,0.018976,0.019229,0.018310,0.018474,169059
2017-11-11,0.017593,0.018593,0.017093,0.018234,204629
2017-11-12,0.018018,0.018357,0.017780,0.018027,208435
2017-11-13,0.017827,0.018050,0.017302,0.017633,197582
2017-11-14,0.018214,0.018426,0.018172,0.018406,181538
2017-11-15,0.017736,0.017744,0.017138,0.017293,192367
2017-11-16,0.018469,0.019322,0.018201,0.019022,194007
2017-11-17,0.017918,0.018475,0.017839,0.018473,188135
2017-11-18,0.017875,0.018516,0.017635,0.018341,186514
2017-11-19,0.018138,0.018879,0.018066,0.018761,172613
2017-11-20,0.017197,0.017555,0.016307,0.016427,188392
2017-11-21,0.016712,0.017388,0.016303,0.017046,194616
2017-11-22,0.016712,0.017107,0.016446,0.017093,189950
2017-11-23,0.017123,0.017338,0.016688,0.017074,171661
2017-11-24,0.017256,0.017678,0.016918,0.017116,161267
2017-11-25,0.017309,0.017995,0.017186,0.017713,178540
2017-11-26,0.016696,0.017853,0.016395,0.017178,180980
2017-11-27,0.016912,0.017010,0.016294,0.016441,196333
2017-11-28,0.016584,0.017231,0.016141,0.016443,194007
2017-11-29,0.017039,0.017170,0.016218,0.016561,207217
2017-11-30,0.015071,0.015328,0.014468,0.014631,202459
2017-12-01,0.015811,0.015824,0.015015,0.015764,173390
2017-12-02,0.016416,0.016595,0.015713,0.015917,179435
2017-12-03,0.015711,0.016146,0.015351,0.015551,202557
2017-12-04,0.015509,0.016338,0.014789,0.014910,159805
2017-12-05,0.016152,0.016722,0.015713,0.015996,160088
2017-12-06,0.016110,0.016359,0.015682,0.016290,115443
2017-12-07,0.016135,0.016176,0.014860,0.015157,105534
2017-12-08,0.015185,0.015459,0.014886,0.015452,100000
2017-12-09,0.016146,0.016764,0.016070,0.016640,100000
2017-12-10,0.016103,0.016334,0.016067,0.016288,100000
2017-12-11,0.015574,0.016022,0.015491,0.015804,113727
2017-12-12,0.016356,0.016503,0.015476,0.016006,136272
2017-12-13,0.016320,0.017014,0.015842,0.016748,139724
2017-12-14,0.016904,0.017090,0.016243,0.016266,139449
2017-12-15,0.016252,0.016718,0.016067,0.016550,152910
2017-12-16,0.016506,0.016525,0.016326,0.016496,166632
2017-12-17,0.016421,0.016919,0.015577,0.015851,175205
2017-12-18,0.015851,0.015882,0.014765,0.015331,177186
2017-12-19,0.016521,0.016749,0.016012,0.016081,194995
2017-12-20,0.016444,0.016739,0.016288,0.016626,196429
2017-12-21,0.017458,0.017510,0.016518,0.016581,191546
2017-12-22,0.016487,0.016747,0.014592,0.014894,194142
2017-12-23,0.016335,0.017297,0.016288,0.016776,223492
2017-12-24,0.015776,0.016147,0.015384,0.015875,216042
2017-12-25,0.015783,0.016036,0.015196,0.015268,222838
2017-12-26,0.015568,0.016351,0.015489,0.015935,190628
2017-12-27,0.014403,0.014847,0.014274,0.014345,158149
2017-12-28,0.014939,0.014941,0.014436,0.014737,165837
2017-12-29,0.015039,0.015543,0.014795,0.015169,194104
2017-12-30,0.014259,0.014380,0.013659,0.013899,204608
2017-12-31,0.014709,0.016025,0.014343,0.015455,176055
2018-01-01,0.014382,0.014409,0.014055,0.014199,178670
2018-01-02,0.013693,0.013976,0.013647,0.013894,184902
2018-01-03,0.013438,0.013605,0.013282,0.013594,180200
2018-01-04,0.013607,0.013750,0.012939,0.013375,177253
2018-01-05,0.014397,0.014672,0.014184,0.014236,169533
2018-01-06,0.014245,0.014447,0.013643,0.013779,148830
2018-01-07,0.015050,0.015582,0.014264,0.014639,169056
2018-01-08,0.015066,0.015130,0.014379,0.014573,158407
2018-01-09,0.014519,0.015189,0.014463,0.014939,158147
2018-01-10,0.015554,0.015673,0.014563,0.015034,181047
2018-01-11,0.016133,0.016234,0.015307,0.015389,185133
2018-01-12,0.016041,0.016637,0.015843,0.016553,162895
2018-01-13,0.015374,0.015632,0.015189,0.015400,143361
2018-01-14,0.014291,0.015059,0.014208,0.014477,164584
2018-01-15,0.013895,0.013941,0.013732,0.013890,183332
2018-01-16,0.014977,0.015949,0.014720,0.015494,218510
2018-01-17,0.014171,0.014456,0.013540,0.014192,202129
2018-01-18,0.013571,0.013725,0.013421,0.013724,217388
2018-01-19,0.014730,0.014848,0.014203,0.014294,186561
2018-01-20,0.014181,0.014684,0.013925,0.014582,203287
2018-01-21,0.014160,0.014162,0.013372,0.013378,204809
2018-01-22,0.015347,0.016118,0.015335,0.015705,237220
2018-01-23,0.014377,0.014742,0.013708,0.013766,278222
2018-01-24,0.013186,0.013884,0.013124,0.013543,259180
2018-01-25,0.013816,0.014290,0.013509,0.014259,235933
2018-01-26,0.013320,0.014024,0.013193,0.013748,243491
2018-01-27,0.012459,0.012795,0.011821,0.012414,258503
2018-01-28,0.012762,0.012821,0.012218,0.012701,232373
2018-01-29,0.013909,0.013909,0.013357,0.013751,206276
2018-01-30,0.014202,0.014497,0.013205,0.013938,216938
2018-01-31,0.012950,0.013192,0.012519,0.012847,174903
2018-02-01,0.013370,0.014502,0.012895,0.013770,176578
2018-02-02,0.013260,0.013473,0.013234,0.013444,160438
2018-02-03,0.013052,0.013218,0.012763,0.012825,173997
2018-02-04,0.012434,0.012528,0.011860,0.011987,163902
2018-02-05,0.012004,0.012706,0.011551,0.011785,171715
2018-02-06,0.011070,0.011214,0.010718,0.010788,186811
2018-02-07,0.011669,0.012077,0.011299,0.011692,189061
2018-02-08,0.012316,0.012368,0.011983,0.012231,179395
2018-02-09,0.011156,0.011357,0.010574,0.010590,189638
2018-02-10,0.011695,0.012231,0.011634,0.012182,175467
2018-02-11,0.010211,0.010468,0.009766,0.010454,183425
2018-02-12,0.011253,0.011604,0.010255,0.010641,198663
2018-02-13,0.010579,0.010838,0.010363,0.010728,193859
2018-02-14,0.009456,0.009462,0.008733,0.008969,170339
2018-02-15,0.008919,0.009129,0.008765,0.008794,154876
2018-02-16,0.009568,0.010093,0.009462,0.009998,152956
2018-02-17,0.009004,0.009263,0.008741,0.008949,139816
2018-02-18,0.009609,0.009625,0.009227,0.009309,128772
2018-02-19,0.009599,0.010175,0.009471,0.010017,118118
2018-02-20,0.010142,0.010257,0.009502,0.009554,111102
2018-02-21,0.009144,0.009595,0.009049,0.009253,100000
2018-02-22,0.009287,0.009406,0.009159,0.009371,105488
2018-02-23,0.009639,0.010063,0.009351,0.009783,118094
2018-02-24,0.009747,0.010126,0.009522,0.010121,139952
2018-02-25,0.009087,0.009900,0.009068,0.009556,134559
2018-02-26,0.009850,0.010300,0.009598,0.009966,132022
2018-02-27,0.010436,0.011120,0.010275,0.011003,128617
2018-02-28,0.010169,0.010210,0.010104,0.010135,137955
2018-03-01,0.010319,0.010967,0.010259,0.010629,156164
2018-03-02,0.009953,0.010163,0.009949,0.010121,134851
2018-03-03,0.009685,0.010097,0.009579,0.009938,125094
2018-03-04,0.010332,0.010412,0.009927,0.010165,129182
2018-03-05,0.011191,0.011368,0.010763,0.010948,100000
2018-03-06,0.010849,0.011541,0.010551,0.011176,100000
2018-03-07,0.011860,0.012197,0.011287,0.011533,108545
2018-03-08,0.011911,0.012034,0.011811,0.011829,121533
2018-03-09,0.012328,0.012508,0.011911,0.012459,126363
2018-03-10,0.011793,0.011994,0.011409,0.011566,122176
2018-03-11,0.012255,0.012336,0.011760,0.012174,108959
2018-03-12,0.011640,0.011670,0.011586,0.011588,103556
2018-03-13,0.011453,0.011664,0.010954,0.011004,100000
2018-03-14,0.011523,0.011935,0.011427,0.011660,100000
2018-03-15,0.011732,0.011905,0.011428,0.011604,104352
2018-03-16,0.011574,0.011808,0.011481,0.011797,100000
2018-03-17,0.011959,0.012413,0.011497,0.012320,104192
2018-03-18,0.012212,0.012476,0.011694,0.012115,103028
2018-03-19,0.011940,0.012769,0.011428,0.012283,100000
2018-03-20,0.011897,0.012229,0.011669,0.011974,100000
2018-03-21,0.011902,0.012526,0.011779,0.012331,102024
2018-03-22,0.011510,0.011644,0.010992,0.011229,100000
2018-03-23,0.011746,0.011863,0.011349,0.011549,106473
2018-03-24,0.011699,0.011727,0.010563,0.011213,100000
2018-03-25,0.011986,0.012246,0.011916,0.012105,103020
2018-03-26,0.012241,0.012596,0.011697,0.011898,100000
2018-03-27,0.012192,0.012426,0.011558,0.011664,102065
2018-03-28,0.011924,0.012374,0.011879,0.012146,100000
2018-03-29,0.012445,0.012477,0.012433,0.012476,102584
2018-03-30,0.013676,0.014004,0.013569,0.013915,100000
2018-03-31,0.014416,0.015285,0.013953,0.014822,105497
2018-04-01,0.014713,0.014848,0.014019,0.014421,100000
2018-04-02,0.014008,0.014014,0.013751,0.013962,100000
2018-04-03,0.013602,0.013728,0.013232,0.013520,112610
2018-04-04,0.013513,0.013517,0.012812,0.013025,138619
2018-04-05,0.014558,0.014964,0.014486,0.014547,140972
2018-04-06,0.014285,0.014574,0.013736,0.013843,141510
2018-04-07,0.013321,0.013674,0.013184,0.013349,127834
2018-04-08,0.013430,0.013958,0.013161,0.013820,122987
2018-04-09,0.013774,0.015102,0.013231,0.014595,122438
2018-04-10,0.014088,0.014640,0.013042,0.013250,134673
2018-04-11,0.013917,0.014199,0.013793,0.013825,124598
2018-04-12,0.014020,0.015414,0.013742,0.014881,131464
2018-04-13,0.013370,0.013582,0.012810,0.012968,144854
2018-04-14,0.014580,0.014785,0.014069,0.014427,145490
2018-04-15,0.014176,0.014321,0.013899,0.014011,132980
2018-04-16,0.015819,0.015952,0.015531,0.015567,135375
2018-04-17,0.015902,0.016267,0.015251,0.015810,125252
2018-04-18,0.014645,0.015044,0.014578,0.014619,126420
2018-04-19,0.015281,0.016650,0.014782,0.016039,115308
2018-04-20,0.014895,0.015817,0.014760,0.015760,100000
2018-04-21,0.015993,0.016011,0.015495,0.015578,100000
2018-04-22,0.015440,0.016163,0.014843,0.015026,104819
2018-04-23,0.015951,0.016082,0.015619,0.016027,106551
2018-04-24,0.016034,0.016042,0.015470,0.015573,100000
2018-04-25,0.015180,0.015494,0.014641,0.014680,100000
2018-04-26,0.015561,0.016346,0.015203,0.015404,100707
2018-04-27,0.013965,0.014188,0.013492,0.013669,101902
2018-04-28,0.015025,0.015469,0.014507,0.014640,100243
2018-04-29,0.015603,0.015987,0.015386,0.015845,112376
2018-04-30,0.015486,0.015918,0.015104,0.015145,123959
2018-05-01,0.016042,0.016345,0.015769,0.016053,100743
2018-05-02,0.015757,0.015930,0.015402,0.015897,100000
2018-05-03,0.015641,0.016459,0.015004,0.015784,100000
2018-05-04,0.015849,0.016720,0.015299,0.015952,100000
2018-05-05,0.014354,0.014973,0.014200,0.014915,101334
2018-05-06,0.015638,0.016190,0.015552,0.015960,100000
2018-05-07,0.015424,0.015499,0.014297,0.014744,100000
2018-05-08,0.014633,0.015458,0.014445,0.014658,100992
2018-05-09,0.014451,0.014543,0.014308,0.014337,107342
2018-05-10,0.014347,0.014591,0.014313,0.014409,111333
2018-05-11,0.014313,0.014866,0.013736,0.014497,100000
2018-05-12,0.013109,0.013604,0.012904,0.013194,100000
2018-05-13,0.012678,0.013000,0.012505,0.012888,102440
2018-05-14,0.011891,0.012058,0.011603,0.011858,100000
2018-05-15,0.012826,0.013630,0.012767,0.013473,114622
2018-05-16,0.012956,0.013662,0.012922,0.013254,115880
2018-05-17,0.012770,0.012794,0.012389,0.012598,131165
2018-05-18,0.013043,0.013255,0.012765,0.013159,117599
2018-05-19,0.013211,0.013338,0.012546,0.012660,118640
2018-05-20,0.013673,0.013691,0.013343,0.013550,129506
2018-05-21,0.014278,0.014370,0.013583,0.013745,141223
2018-05-22,0.014944,0.015039,0.013952,0.014421,128136
2018-05-23,0.015239,0.015468,0.014261,0.014557,118186
2018-05-24,0.015591,0.015852,0.015325,0.015647,127616
2018-05-25,0.016004,0.016182,0.015462,0.015795,139522
2018-05-26,0.017141,0.017631,0.016714,0.017605,145903
2018-05-27,0.017295,0.017592,0.017048,0.017407,127728
2018-05-28,0.018513,0.019136,0.018191,0.018740,144931
2018-05-29,0.019195,0.019593,0.018837,0.018841,156666
2018-05-30,0.019312,0.019459,0.018674,0.019246,140635
2018-05-31,0.019084,0.019973,0.018328,0.019800,143318
2018-06-01,0.019261,0.019609,0.018791,0.019411,142188
2018-06-02,0.019400,0.020213,0.019202,0.020104,149571
2018-06-03,0.019114,0.019572,0.019013,0.019477,148938
2018-06-04,0.019492,0.020159,0.019372,0.019683,154853
2018-06-05,0.019248,0.020772,0.018469,0.019989,150593
2018-06-06,0.018365,0.019102,0.018347,0.018760,162880
2018-06-07,0.017939,0.018157,0.017322,0.017442,194550
2018-06-08,0.017967,0.018475,0.017872,0.018448,230903
2018-06-09,0.018021,0.018131,0.016839,0.017236,211529
2018-06-10,0.018364,0.018402,0.017336,0.017521,225525
2018-06-11,0.019209,0.020274,0.019075,0.020260,264680
2018-06-12,0.019003,0.019728,0.018506,0.018854,345760
2018-06-13,0.019122,0.019356,0.018800,0.018811,367571
2018-06-14,0.018400,0.019589,0.018165,0.018993,325316
2018-06-15,0.017282,0.017744,0.016599,0.017514,346240
2018-06-16,0.018491,0.019349,0.017597,0.018986,431443
2018-06-17,0.017871,0.018177,0.016849,0.016885,367579
2018-06-18,0.018728,0.019254,0.017970,0.018056,370983
2018-06-19,0.017819,0.019065,0.017246,0.018695,309831
2018-06-20,0.018168,0.019633,0.018038,0.019215,269481
2018-06-21,0.017741,0.018404,0.017452,0.017998,285804
2018-06-22,0.018207,0.019053,0.017463,0.018865,280161
2018-06-23,0.019530,0.019737,0.018944,0.019190,261824
2018-06-24,0.018898,0.018908,0.017952,0.018623,255685
2018-06-25,0.018594,0.019954,0.017967,0.018776,249976
2018-06-26,0.018630,0.019479,0.018232,0.019183,261555
2018-06-27,0.018681,0.020306,0.017764,0.020142,252926
2018-06-28,0.020118,0.020916,0.019800,0.020518,278348
2018-06-29,0.018939,0.019242,0.018518,0.018606,260024
2018-06-30,0.018594,0.019048,0.018478,0.018522,285290
2018-07-01,0.017553,0.017741,0.017363,0.017508,243438
2018-07-02,0.017912,0.017939,0.017807,0.017883,221770
2018-07-03,0.018307,0.019095,0.018237,0.019002,210441
2018-07-04,0.017613,0.017838,0.016923,0.017004,222552
2018-07-05,0.017391,0.017897,0.017238,0.017430,175654
2018-07-06,0.017226,0.017282,0.016341,0.016692,155756
2018-07-07,0.017936,0.018938,0.017695,0.018551,160476
2018-07-08,0.016983,0.017141,0.016626,0.017096,128545
2018-07-09,0.016757,0.016862,0.016228,0.016352,168600
2018-07-10,0.016171,0.016228,0.015510,0.015665,145048
2018-07-11,0.015813,0.016154,0.015638,0.015671,137950
2018-07-12,0.014851,0.015617,0.014227,0.015248,128649
2018-07-13,0.015482,0.015834,0.015301,0.015396,143179
2018-07-14,0.014633,0.014786,0.014017,0.014416,135561
2018-07-15,0.014885,0.015427,0.014250,0.014406,141909
2018-07-16,0.014588,0.014711,0.013652,0.013855,135012
2018-07-17,0.014137,0.014450,0.014000,0.014019,124921
2018-07-18,0.013785,0.014221,0.013564,0.013862,125757
2018-07-19,0.014598,0.015289,0.014428,0.014872,135167
2018-07-20,0.014276,0.014820,0.014091,0.014732,146072
2018-07-21,0.015062,0.015296,0.014466,0.015076,163016
2018-07-22,0.014411,0.014753,0.013801,0.013990,174471
2018-07-23,0.015202,0.015899,0.014834,0.015594,150523
2018-07-24,0.014170,0.014192,0.014049,0.014101,145504
2018-07-25,0.013464,0.013592,0.012663,0.013031,129144
2018-07-26,0.014223,0.014515,0.013835,0.014178,150024
2018-07-27,0.014238,0.014507,0.013849,0.014258,138020
2018-07-28,0.014666,0.015672,0.014309,0.015221,142841
2018-07-29,0.014922,0.015229,0.014581,0.014989,159320
2018-07-30,0.014698,0.014799,0.014600,0.014785,139897
2018-07-31,0.014334,0.014781,0.013291,0.013352,129070
2018-08-01,0.014241,0.014478,0.013388,0.014101,120323
2018-08-02,0.015279,0.016240,0.015137,0.016039,112361
2018-08-03,0.014998,0.015376,0.014497,0.014841,110490
2018-08-04,0.015386,0.016033,0.014982,0.015596,100000
2018-08-05,0.013957,0.014048,0.013726,0.013900,102216
2018-08-06,0.014365,0.014788,0.013944,0.014140,108646
2018-08-07,0.014294,0.014435,0.013247,0.014178,117388
2018-08-08,0.015017,0.015551,0.013500,0.014036,130915
2018-08-09,0.014218,0.014813,0.013977,0.014532,116066
2018-08-10,0.013035,0.013398,0.012915,0.013384,100000
2018-08-11,0.013688,0.013742,0.013451,0.013499,100000
2018-08-12,0.014624,0.014809,0.014387,0.014756,108873
2018-08-13,0.013433,0.013649,0.013220,0.013519,100000
2018-08-14,0.013390,0.013685,0.013237,0.013542,100000
2018-08-15,0.012782,0.013233,0.012512,0.012954,100000
2018-08-16,0.012462,0.012956,0.012319,0.012859,100000
2018-08-17,0.012204,0.013317,0.011922,0.013074,100880
2018-08-18,0.012874,0.013521,0.012544,0.013408,126094
2018-08-19,0.012019,0.012184,0.011809,0.012038,124690
2018-08-20,0.011518,0.011856,0.011360,0.011587,152376
2018-08-21,0.011512,0.011552,0.011346,0.011508,147189
2018-08-22,0.010499,0.011061,0.010304,0.010763,147894
2018-08-23,0.009893,0.009942,0.009009,0.009078,126524
2018-08-24,0.009943,0.010337,0.009854,0.010290,142328
2018-08-25,0.010121,0.010198,0.010096,0.010159,145724
2018-08-26,0.009601,0.009693,0.009140,0.009322,125353
2018-08-27,0.011199,0.011253,0.010928,0.011178,122068
2018-08-28,0.010001,0.010096,0.009378,0.009497,114118
2018-08-29,0.009773,0.009806,0.009527,0.009615,128320
2018-08-30,0.010463,0.010744,0.010392,0.010626,114398
2018-08-31,0.011224,0.011635,0.010709,0.011081,116110
2018-09-01,0.012546,0.013047,0.012532,0.012930,112943
2018-09-02,0.012933,0.013039,0.012143,0.012527,110391
2018-09-03,0.012456,0.013196,0.012182,0.012923,100000
2018-09-04,0.012293,0.012529,0.012040,0.012308,103791
2018-09-05,0.012430,0.012464,0.011584,0.011972,100967
2018-09-06,0.012746,0.012767,0.012552,0.012697,123958
2018-09-07,0.012067,0.012255,0.012033,0.012165,123985
2018-09-08,0.013059,0.013700,0.013002,0.013139,108696
2018-09-09,0.013122,0.013628,0.013003,0.013377,105109
2018-09-10,0.012686,0.013713,0.012467,0.013459,113766
2018-09-11,0.013275,0.013450,0.012853,0.012931,114786
2018-09-12,0.014235,0.015410,0.013863,0.015274,127885
2018-09-13,0.014804,0.015050,0.014151,0.014970,130775
2018-09-14,0.014295,0.014557,0.013905,0.014146,128722
2018-09-15,0.015015,0.015411,0.014172,0.014554,112055
2018-09-16,0.015707,0.015973,0.015406,0.015414,116547
2018-09-17,0.016248,0.016768,0.014817,0.014883,134057
2018-09-18,0.016168,0.016239,0.015692,0.015904,134797
2018-09-19,0.017951,0.018624,0.017597,0.017607,125017
2018-09-20,0.016816,0.017984,0.016762,0.017485,133927
2018-09-21,0.017868,0.018653,0.017780,0.018027,123576
2018-09-22,0.017926,0.018617,0.017533,0.017965,118803
2018-09-23,0.017492,0.018346,0.017315,0.017574,118731
2018-09-24,0.017914,0.018548,0.017181,0.017301,129691
2018-09-25,0.018358,0.018590,0.018053,0.018409,146515
2018-09-26,0.017987,0.019121,0.017685,0.018745,175643
2018-09-27,0.018470,0.018636,0.018374,0.018574,151630
2018-09-28,0.019530,0.019959,0.018833,0.019256,151219
2018-09-29,0.019426,0.019911,0.019343,0.019557,144669
2018-09-30,0.019471,0.020402,0.019236,0.020058,162806
2018-10-01,0.018924,0.019095,0.018595,0.018997,167631
2018-10-02,0.019692,0.020299,0.018997,0.019563,185618
2018-10-03,0.017997,0.018234,0.016808,0.017165,208573
2018-10-04,0.017690,0.017947,0.016986,0.017858,192460
2018-10-05,0.019786,0.021015,0.019679,0.020649,196167
2018-10-06,0.018595,0.019100,0.017762,0.019036,235349
2018-10-07,0.018057,0.018661,0.017708,0.017778,238692
2018-10-08,0.018107,0.018178,0.018070,0.018152,244946
2018-10-09,0.017527,0.017670,0.016679,0.016988,244886
2018-10-10,0.018065,0.019654,0.017602,0.019026,228374
2018-10-11,0.018582,0.018831,0.017945,0.018217,204276
2018-10-12,0.019160,0.019538,0.017518,0.017938,237691
2018-10-13,0.018520,0.018614,0.017645,0.018153,221656
2018-10-14,0.018128,0.018196,0.017162,0.017605,220610
2018-10-15,0.018643,0.019264,0.018101,0.019261,228969
2018-10-16,0.018035,0.018036,0.016961,0.016995,201976
2018-10-17,0.017833,0.018435,0.017619,0.017828,181620
2018-10-18,0.018609,0.018845,0.018310,0.018470,178703
2018-10-19,0.019012,0.019381,0.018675,0.018683,229507
2018-10-20,0.018661,0.019030,0.017983,0.018232,252938
2018-10-21,0.018770,0.018907,0.017870,0.017928,233260
2018-10-22,0.019847,0.020128,0.018475,0.018997,226730
2018-10-23,0.018714,0.018821,0.018438,0.018530,221654
2018-10-24,0.018938,0.019672,0.018195,0.018210,217521
2018-10-25,0.018853,0.019749,0.018592,0.019286,186671
2018-10-26,0.019351,0.019775,0.018600,0.018683,204101
2018-10-27,0.019437,0.019476,0.018480,0.019049,217035
2018-10-28,0.018990,0.019912,0.018980,0.019738,224255
2018-10-29,0.019434,0.020065,0.019344,0.019429,203315
2018-10-30,0.020716,0.021589,0.020436,0.020894,193409
2018-10-31,0.020420,0.021633,0.019826,0.021292,212397
2018-11-01,0.019828,0.020491,0.019451,0.019584,204778
2018-11-02,0.020398,0.020736,0.019723,0.020113,188678
2018-11-03,0.020401,0.020428,0.019523,0.019928,178152
2018-11-04,0.021126,0.021702,0.018808,0.019693,213007
2018-11-05,0.021158,0.021352,0.020104,0.020484,214928
2018-11-06,0.021086,0.021281,0.020160,0.020794,179450
2018-11-07,0.020312,0.021389,0.019962,0.020834,213246
2018-11-08,0.019716,0.020813,0.019262,0.020559,209956
2018-11-09,0.020130,0.021010,0.020032,0.020972,194711
2018-11-10,0.020776,0.021625,0.020346,0.020379,175402
2018-11-11,0.020241,0.020417,0.019353,0.020267,185095
2018-11-12,0.019292,0.019370,0.018732,0.018868,204565
2018-11-13,0.019332,0.019544,0.018946,0.019332,209909
2018-11-14,0.018152,0.018572,0.017667,0.017829,202377
2018-11-15,0.019360,0.020148,0.018754,0.018910,187511
2018-11-16,0.020403,0.020566,0.018538,0.019095,182622
2018-11-17,0.018617,0.019370,0.018103,0.019188,158168
2018-11-18,0.018478,0.018784,0.017935,0.018121,171438
2018-11-19,0.017728,0.018267,0.017597,0.017889,145139
2018-11-20,0.017567,0.017852,0.017421,0.017739,143060
2018-11-21,0.018247,0.018309,0.018041,0.018126,146229
2018-11-22,0.017401,0.017656,0.016768,0.017339,174109
2018-11-23,0.019502,0.020475,0.019290,0.019789,187919
2018-11-24,0.019396,0.019530,0.018190,0.018651,183542
2018-11-25,0.019555,0.020175,0.018736,0.018983,212016
2018-11-26,0.019579,0.020122,0.019285,0.019708,241081
2018-11-27,0.019594,0.019967,0.018654,0.019185,247492
2018-11-28,0.018680,0.019510,0.018543,0.019142,283676
2018-11-29,0.019724,0.019734,0.019144,0.019652,269844
2018-11-30,0.017294,0.018531,0.016852,0.017969,330103
2018-12-01,0.019580,0.019610,0.018933,0.018984,365445
2018-12-02,0.019492,0.019700,0.019189,0.019663,371947
2018-12-03,0.017865,0.018166,0.017764,0.017903,400277
2018-12-04,0.017967,0.018454,0.017950,0.018424,457021
2018-12-05,0.019160,0.019630,0.019090,0.019317,460538
2018-12-06,0.019085,0.019650,0.018396,0.018948,492754
2018-12-07,0.019708,0.020369,0.019532,0.019937,511832
2018-12-08,0.020391,0.020996,0.019154,0.019706,615363
2018-12-09,0.020936,0.021398,0.020119,0.020573,705841
2018-12-10,0.021209,0.021385,0.020527,0.020939,689938
2018-12-11,0.021554,0.021853,0.021290,0.021457,675238
2018-12-12,0.020442,0.020848,0.019983,0.020412,692223
2018-12-13,0.019944,0.020010,0.018968,0.019414,725720
2018-12-14,0.020372,0.020949,0.019567,0.019718,802356
2018-12-15,0.021338,0.021795,0.020626,0.020769,833126
2018-12-16,0.022294,0.022402,0.021059,0.022262,898954
2018-12-17,0.021517,0.021518,0.021298,0.021507,1020243
2018-12-18,0.021423,0.021556,0.021375,0.021394,808950
2018-12-19,0.021495,0.021678,0.021241,0.021648,843546
2018-12-20,0.021728,0.021950,0.021414,0.021425,913247
2018-12-21,0.021269,0.022166,0.020908,0.021511,965146
2018-12-22,0.020813,0.022488,0.020550,0.021934,975749
2018-12-23,0.020170,0.020786,0.019959,0.020333,991284
2018-12-24,0.020398,0.020909,0.019755,0.020251,1078433
2018-12-25,0.022079,0.023923,0.022028,0.023223,970987
2018-12-26,0.021144,0.021279,0.021059,0.021229,995072
2018-12-27,0.022227,0.023978,0.021516,0.023267,1056234
2018-12-28,0.022065,0.022193,0.021307,0.021646,1030928
2018-12-29,0.021275,0.021685,0.021052,0.021640,1252485
2018-12-30,0.022146,0.022966,0.021585,0.022000,1298935
2018-12-31,0.021804,0.022066,0.021314,0.021319,1440156
2019-01-01,0.021560,0.022454,0.021327,0.021343,1433119
2019-01-02,0.022456,0.023686,0.021925,0.023336,1505596
2019-01-03,0.020231,0.020765,0.020118,0.020716,1409636
2019-01-04,0.021294,0.021706,0.021148,0.021198,1459057
2019-01-05,0.020214,0.020778,0.019598,0.020261,1528921
2019-01-06,0.020039,0.020853,0.019040,0.019903,1644008
2019-01-07,0.019663,0.020212,0.019510,0.019535,1372090
2019-01-08,0.020654,0.020787,0.019897,0.020390,1459566
2019-01-09,0.020014,0.022234,0.019999,0.021471,1549128
2019-01-10,0.018988,0.019013,0.018388,0.018408,1606277
2019-01-11,0.019231,0.020022,0.018613,0.019765,1650370
2019-01-12,0.020235,0.020970,0.019688,0.020913,1341398
2019-01-13,0.019821,0.020064,0.019168,0.019571,1449761
2019-01-14,0.020468,0.020949,0.019121,0.020236,1430493
2019-01-15,0.021134,0.021368,0.020957,0.021274,1494846
2019-01-16,0.021922,0.022360,0.020409,0.021157,1648950
2019-01-17,0.022488,0.022544,0.021030,0.021632,1840888
2019-01-18,0.024411,0.026264,0.024101,0.025951,1960549
2019-01-19,0.023314,0.024031,0.022654,0.022976,1890067
2019-01-20,0.023822,0.024182,0.022871,0.023514,1998766
2019-01-21,0.023685,0.024834,0.023155,0.023534,1808052
2019-01-22,0.024827,0.025566,0.023875,0.025400,1845697
2019-01-23,0.023810,0.023885,0.022937,0.023473,1869181
2019-01-24,0.025187,0.025676,0.025066,0.025098,1701141
2019-01-25,0.026250,0.027460,0.025036,0.025702,1602681
2019-01-26,0.027518,0.028210,0.025140,0.025739,1529720
2019-01-27,0.026997,0.027196,0.026611,0.027067,1306407
2019-01-28,0.027087,0.027764,0.026272,0.027364,1114144
2019-01-29,0.027029,0.028446,0.026179,0.028383,1064107
2019-01-30,0.027882,0.028299,0.025378,0.025969,1099670
2019-01-31,0.027937,0.028862,0.027700,0.028237,960610
2019-02-01,0.028415,0.029742,0.028244,0.028785,1009884
2019-02-02,0.027012,0.028313,0.026568,0.027643,1040823
2019-02-03,0.026645,0.027061,0.026346,0.026757,991906
2019-02-04,0.027307,0.029441,0.026472,0.028348,1137030
2019-02-05,0.025928,0.027071,0.025898,0.026824,1171243
2019-02-06,0.027008,0.027664,0.026081,0.026386,1081210
2019-02-07,0.027851,0.028296,0.027294,0.027598,1024322
2019-02-08,0.027626,0.029166,0.027588,0.028320,906563
2019-02-09,0.028800,0.029029,0.027815,0.027942,1069410
2019-02-10,0.028078,0.028212,0.026368,0.026626,1152314
2019-02-11,0.028660,0.031011,0.028292,0.030310,981967
2019-02-12,0.029811,0.030545,0.029336,0.030391,904760
2019-02-13,0.030103,0.030118,0.029275,0.029312,958237
2019-02-14,0.029528,0.031045,0.028463,0.030233,1001869
2019-02-15,0.030279,0.031863,0.029527,0.031001,1090015
2019-02-16,0.030640,0.030822,0.029920,0.030379,893950
2019-02-17,0.030998,0.031023,0.029764,0.029767,998022
2019-02-18,0.029537,0.030766,0.029076,0.029993,881118
2019-02-19,0.028983,0.029138,0.028586,0.028664,868545
2019-02-20,0.030543,0.031294,0.029190,0.029963,837060
2019-02-21,0.028926,0.029506,0.027977,0.028262,930099
2019-02-22,0.028782,0.028805,0.028187,0.028347,1003242
2019-02-23,0.029557,0.030796,0.029473,0.029938,968869
2019-02-24,0.030231,0.030428,0.028309,0.028584,1019971
2019-02-25,0.030562,0.030708,0.027806,0.028827,1020237
2019-02-26,0.029908,0.031694,0.029729,0.031598,1041411
2019-02-27,0.030046,0.031083,0.029144,0.029438,1159304
2019-02-28,0.030826,0.032774,0.029553,0.032219,1152260
2019-03-01,0.030982,0.032860,0.030320,0.031320,1196591
2019-03-02,0.031817,0.035017,0.031296,0.033852,1160293
2019-03-03,0.030690,0.031503,0.030007,0.030022,1292412
2019-03-04,0.030348,0.031904,0.029961,0.031292,1298121
2019-03-05,0.030170,0.033402,0.029560,0.032871,1248703
2019-03-06,0.031262,0.032064,0.028534,0.029470,1289363
2019-03-07,0.030782,0.031323,0.030401,0.030912,1072132
2019-03-08,0.030951,0.031192,0.029811,0.030528,885811
2019-03-09,0.033295,0.034551,0.032647,0.033592,825063
2019-03-10,0.032132,0.032836,0.030239,0.030259,751521
2019-03-11,0.032712,0.033397,0.032454,0.032723,878934
2019-03-12,0.030253,0.030504,0.030026,0.030212,853723
2019-03-13,0.029791,0.032329,0.029347,0.031722,843382
2019-03-14,0.032038,0.032895,0.029544,0.030525,839206
2019-03-15,0.031437,0.032678,0.031184,0.031907,776628
2019-03-16,0.030289,0.030491,0.029689,0.030074,849925
2019-03-17,0.031237,0.031797,0.030460,0.031032,739877
2019-03-18,0.031304,0.032544,0.030652,0.030677,784249
2019-03-19,0.030384,0.032065,0.029129,0.029205,879452
2019-03-20,0.032225,0.032250,0.031026,0.031924,793198
2019-03-21,0.029564,0.030834,0.029434,0.030321,826061
2019-03-22,0.029657,0.030613,0.028968,0.030404,753218
2019-03-23,0.030665,0.031347,0.030214,0.031030,949354
2019-03-24,0.029374,0.029521,0.027758,0.028296,955816
2019-03-25,0.029993,0.031046,0.029496,0.030814,981787
2019-03-26,0.028909,0.029604,0.028146,0.028398,945061
2019-03-27,0.030017,0.030029,0.027414,0.029116,966997
2019-03-28,0.028686,0.029314,0.027406,0.027962,876389
2019-03-29,0.028236,0.028770,0.026990,0.027616,880664
2019-03-30,0.029624,0.030163,0.028610,0.029001,898339
2019-03-31,0.028944,0.029040,0.027814,0.028320,852196
2019-04-01,0.028856,0.029678,0.028450,0.029591,1049085
2019-04-02,0.028379,0.029080,0.028261,0.028378,976297
2019-04-03,0.028557,0.029405,0.026584,0.027435,930958
2019-04-04,0.029848,0.030843,0.029470,0.030158,936067
2019-04-05,0.030037,0.030487,0.029948,0.030139,1128270
2019-04-06,0.031619,0.031686,0.030149,0.030603,1385125
2019-04-07,0.031435,0.031914,0.029828,0.030192,1408598
2019-04-08,0.030916,0.032494,0.030424,0.032287,1574357
2019-04-09,0.030765,0.031495,0.028621,0.029349,1704389
2019-04-10,0.030538,0.031650,0.029483,0.031463,2113700
2019-04-11,0.029310,0.029710,0.027903,0.028429,1952006
2019-04-12,0.030168,0.030234,0.028798,0.028969,2355474
2019-04-13,0.029815,0.031053,0.028942,0.030518,2405121
2019-04-14,0.029624,0.030547,0.029543,0.030285,2025191
2019-04-15,0.028974,0.029791,0.028361,0.028537,1980045
2019-04-16,0.029290,0.031294,0.028903,0.030917,1987594
2019-04-17,0.029489,0.029594,0.028503,0.028758,1859273
2019-04-18,0.029402,0.029668,0.028944,0.029116,1854108
2019-04-19,0.029230,0.029799,0.028614,0.029636,2073074
2019-04-20,0.031071,0.032042,0.030753,0.030915,1713318
2019-04-21,0.028988,0.030417,0.028668,0.029743,1519634
2019-04-22,0.028368,0.029035,0.027270,0.027497,1482314
2019-04-23,0.028197,0.028676,0.027423,0.027452,1520272
2019-04-24,0.030610,0.031376,0.030063,0.030114,1356683
2019-04-25,0.028752,0.029654,0.028389,0.028862,1529979
2019-04-26,0.028404,0.029168,0.026128,0.026853,1583175
2019-04-27,0.029836,0.030806,0.029179,0.029694,1754853
2019-04-28,0.030715,0.031328,0.030069,0.030100,1564320
2019-04-29,0.029486,0.029553,0.028619,0.029232,1625973
2019-04-30,0.030027,0.030710,0.029658,0.029860,1169214
2019-05-01,0.030329,0.031394,0.029657,0.030866,1312732
2019-05-02,0.028680,0.029946,0.028287,0.029911,1368173
2019-05-03,0.028219,0.028554,0.027562,0.027785,1439867
2019-05-04,0.028587,0.029661,0.028549,0.029443,1347487
2019-05-05,0.028121,0.028148,0.026884,0.027238,1188646
2019-05-06,0.028964,0.029837,0.028706,0.029439,1050130
2019-05-07,0.029217,0.030048,0.028449,0.029585,1167130
2019-05-08,0.028703,0.029665,0.028168,0.028170,1384334
2019-05-09,0.028237,0.028934,0.028210,0.028279,1457802
2019-05-10,0.028104,0.028262,0.026374,0.026944,1719045
2019-05-11,0.028782,0.029101,0.028663,0.028945,1666364
2019-05-12,0.026415,0.026421,0.025095,0.025183,1311723
2019-05-13,0.025777,0.027046,0.025174,0.026707,1305977
2019-05-14,0.025266,0.025624,0.024721,0.025440,1231140
2019-05-15,0.024403,0.025533,0.024269,0.025347,1369830
2019-05-16,0.024178,0.024413,0.022896,0.023447,1476550
2019-05-17,0.025106,0.026202,0.024801,0.026174,1465605
2019-05-18,0.024024,0.024547,0.023045,0.023613,1452425
2019-05-19,0.023635,0.024487,0.023432,0.023955,1446319
2019-05-20,0.024024,0.024152,0.023473,0.024004,1591212
2019-05-21,0.023824,0.024036,0.023225,0.023779,1668510
2019-05-22,0.024080,0.024504,0.023992,0.024042,1629404
2019-05-23,0.024505,0.025057,0.023976,0.024752,1493293
2019-05-24,0.025217,0.026091,0.024422,0.025825,1575055
2019-05-25,0.023784,0.023833,0.023207,0.023626,1437824
2019-05-26,0.023314,0.024312,0.023231,0.023540,1160367
2019-05-27,0.022733,0.022956,0.021332,0.021486,1132531
2019-05-28,0.022477,0.023538,0.021390,0.021550,1031725
2019-05-29,0.023033,0.023119,0.021965,0.022308,1057410
2019-05-30,0.021989,0.023073,0.021930,0.022943,1160351
2019-05-31,0.020600,0.020773,0.019559,0.019700,880625
2019-06-01,0.021930,0.021959,0.021430,0.021870,824693
2019-06-02,0.020553,0.021152,0.020010,0.020215,826790
2019-06-03,0.020920,0.021164,0.019797,0.020256,791112
2019-06-04,0.021215,0.022087,0.020730,0.021623,772681
2019-06-05,0.021493,0.022209,0.021151,0.021786,736118
2019-06-06,0.021213,0.023200,0.021184,0.022665,806971
2019-06-07,0.021069,0.021863,0.019937,0.020223,922018
2019-06-08,0.020990,0.021295,0.019655,0.019665,993262
2019-06-09,0.022007,0.022550,0.021663,0.022024,962483
2019-06-10,0.022168,0.022468,0.021342,0.021489,879672
2019-06-11,0.022559,0.023263,0.022281,0.023179,974678
2019-06-12,0.022026,0.023380,0.021505,0.022742,991053
2019-06-13,0.021034,0.021306,0.020032,0.020257,1010899
2019-06-14,0.022200,0.023806,0.022144,0.023323,1046362
2019-06-15,0.022035,0.022455,0.021129,0.021769,924460
2019-06-16,0.021395,0.022276,0.020994,0.021470,915669
2019-06-17,0.021167,0.021328,0.020903,0.020975,864424
2019-06-18,0.020483,0.021840,0.020235,0.021445,944645
2019-06-19,0.021499,0.022359,0.021126,0.021846,768640
2019-06-20,0.019332,0.019521,0.018558,0.018810,708271
2019-06-21,0.020077,0.020355,0.019262,0.019556,672493
2019-06-22,0.019341,0.019833,0.019034,0.019724,682414
2019-06-23,0.019595,0.021109,0.019260,0.020772,808900
2019-06-24,0.019338,0.019580,0.018154,0.018355,909156
2019-06-25,0.020541,0.020930,0.020289,0.020694,935824
2019-06-26,0.020971,0.021942,0.019670,0.019813,1042409
2019-06-27,0.020561,0.021323,0.020241,0.021161,1076131
2019-06-28,0.020643,0.020864,0.020195,0.020737,923589
2019-06-29,0.021015,0.022247,0.020580,0.022208,993558
2019-06-30,0.021105,0.021123,0.020431,0.020642,1130538
2019-07-01,0.020569,0.020966,0.019596,0.020061,1247676
2019-07-02,0.019941,0.020072,0.019713,0.019982,1158300
2019-07-03,0.020650,0.021357,0.020307,0.020885,1140391
2019-07-04,0.020414,0.020593,0.019725,0.020012,1266027
2019-07-05,0.019844,0.020207,0.019772,0.019860,1039508
2019-07-06,0.021022,0.021070,0.020527,0.020926,964833
2019-07-07,0.020722,0.020745,0.019660,0.020406,950724
2019-07-08,0.020725,0.021664,0.019935,0.021415,884168
2019-07-09,0.020360,0.020810,0.019997,0.020038,905437
2019-07-10,0.020216,0.020984,0.020069,0.020588,1021196
2019-07-11,0.019613,0.020376,0.019259,0.019352,1133294
2019-07-12,0.019886,0.020231,0.018780,0.019238,1169521
2019-07-13,0.020533,0.021718,0.020268,0.020975,1079544
2019-07-14,0.021199,0.021967,0.021065,0.021616,1256453
2019-07-15,0.022391,0.022701,0.021900,0.022176,1252823
2019-07-16,0.022675,0.023137,0.022163,0.022401,1295926
2019-07-17,0.021812,0.022734,0.021538,0.022127,1388003
2019-07-18,0.022188,0.022892,0.021641,0.022400,1477900
2019-07-19,0.021634,0.021795,0.021296,0.021714,1238162
2019-07-20,0.021571,0.022601,0.021087,0.022241,1113202
2019-07-21,0.021513,0.022012,0.020292,0.020953,1071167
2019-07-22,0.020679,0.021070,0.020375,0.021013,925448
2019-07-23,0.021618,0.022013,0.021214,0.021529,934911
2019-07-24,0.021242,0.021275,0.020350,0.021094,816117
2019-07-25,0.021620,0.022451,0.021322,0.021596,822527
2019-07-26,0.021077,0.021133,0.020462,0.020521,815781
2019-07-27,0.021232,0.022126,0.021189,0.021638,832525
2019-07-28,0.020756,0.021806,0.019745,0.021339,810092
2019-07-29,0.020826,0.021443,0.020397,0.020981,789473
2019-07-30,0.021929,0.022378,0.021111,0.022097,795330
2019-07-31,0.022379,0.023207,0.022075,0.022492,854697
2019-08-01,0.022005,0.022388,0.021220,0.021652,763437
2019-08-02,0.021880,0.022016,0.021760,0.021963,758620
2019-08-03,0.020588,0.021231,0.019797,0.020153,683401
2019-08-04,0.021425,0.021744,0.020498,0.020587,637372
2019-08-05,0.023137,0.023374,0.022280,0.022709,558390
2019-08-06,0.023763,0.024956,0.023539,0.024838,567030
2019-08-07,0.023626,0.023982,0.022280,0.022744,482635
2019-08-08,0.023650,0.024401,0.022866,0.024177,469851
2019-08-09,0.022527,0.022974,0.021753,0.022491,461665
2019-08-10,0.023289,0.023340,0.022971,0.023025,405369
2019-08-11,0.022746,0.023426,0.022621,0.023266,428805
2019-08-12,0.022621,0.022875,0.021878,0.021916,434371
2019-08-13,0.023058,0.023424,0.022956,0.023327,423813
2019-08-14,0.022590,0.023139,0.021589,0.021753,416985
2019-08-15,0.023045,0.023215,0.022258,0.022488,402610
2019-08-16,0.022961,0.023129,0.021895,0.022131,355324
2019-08-17,0.022688,0.022705,0.021866,0.022132,339975
2019-08-18,0.022197,0.023306,0.021988,0.022222,390193
2019-08-19,0.021394,0.021797,0.020304,0.021466,378887
2019-08-20,0.021075,0.021395,0.020691,0.020955,382967
2019-08-21,0.022430,0.022547,0.020725,0.021368,450602
2019-08-22,0.021893,0.022682,0.021203,0.022397,402064
2019-08-23,0.020453,0.021039,0.020391,0.020961,426042
2019-08-24,0.020178,0.020545,0.019952,0.020397,403663
2019-08-25,0.020358,0.020438,0.019864,0.020380,416002
2019-08-26,0.018659,0.018783,0.018559,0.018722,459661
2019-08-27,0.019118,0.019997,0.019033,0.019291,419757
2019-08-28,0.018317,0.018810,0.017902,0.018610,447612
2019-08-29,0.017871,0.018350,0.017430,0.017473,507243
2019-08-30,0.017891,0.018508,0.016313,0.016771,501758
2019-08-31,0.016991,0.017722,0.016981,0.017615,474509
2019-09-01,0.017595,0.018744,0.016947,0.018338,441405
2019-09-02,0.017476,0.018032,0.017252,0.018022,476622
2019-09-03,0.018094,0.018269,0.016807,0.017691,534756
2019-09-04,0.017425,0.017691,0.017238,0.017424,448861
2019-09-05,0.017739,0.018036,0.017339,0.017488,441269
2019-09-06,0.018196,0.018599,0.017797,0.018582,428895
2019-09-07,0.018647,0.018967,0.018294,0.018463,431450
2019-09-08,0.018711,0.019588,0.018342,0.018876,506443
2019-09-09,0.018337,0.018539,0.017258,0.017525,570251
2019-09-10,0.018059,0.018890,0.017579,0.018241,658506
2019-09-11,0.018666,0.019981,0.018326,0.019536,759397
2019-09-12,0.018591,0.019090,0.018176,0.018757,825451
2019-09-13,0.018997,0.019096,0.018479,0.018808,802554
2019-09-14,0.019150,0.020493,0.018948,0.020195,864261
2019-09-15,0.017664,0.017772,0.017486,0.017604,908855
2019-09-16,0.018506,0.019607,0.018063,0.019201,923200
2019-09-17,0.017703,0.017993,0.017694,0.017803,892527
2019-09-18,0.018157,0.019255,0.018033,0.018858,908783
2019-09-19,0.017543,0.017580,0.016936,0.017029,905632
2019-09-20,0.017183,0.017720,0.015486,0.016092,802251
2019-09-21,0.017611,0.018283,0.016934,0.017469,957662
2019-09-22,0.017752,0.018199,0.017572,0.017857,1166569
2019-09-23,0.017366,0.017570,0.017115,0.017534,1152450
2019-09-24,0.017928,0.018058,0.017519,0.017730,1074221
2019-09-25,0.017894,0.018603,0.017107,0.017198,1013923
2019-09-26,0.017843,0.019001,0.017675,0.018490,913343
2019-09-27,0.018198,0.018450,0.018030,0.018321,977304
2019-09-28,0.018185,0.018472,0.017881,0.018076,964359
2019-09-29,0.019195,0.020789,0.019011,0.020636,861999
2019-09-30,0.019290,0.019556,0.018580,0.018612,847030
2019-10-01,0.018883,0.019030,0.018224,0.018548,784502
2019-10-02,0.019529,0.019766,0.018722,0.018785,744749
2019-10-03,0.020319,0.020844,0.019738,0.020108,574708
2019-10-04,0.020263,0.022105,0.019903,0.021327,560544
2019-10-05,0.019978,0.021085,0.019487,0.020728,494336
2019-10-06,0.019533,0.019900,0.018493,0.019166,503761
2019-10-07,0.020313,0.021626,0.019964,0.020975,488771
2019-10-08,0.020904,0.021398,0.020434,0.021202,484574
2019-10-09,0.020712,0.020777,0.020354,0.020391,514462
2019-10-10,0.020407,0.020786,0.019849,0.020340,538837
2019-10-11,0.019600,0.020384,0.017990,0.019023,549118
2019-10-12,0.019678,0.019899,0.019320,0.019879,576242
2019-10-13,0.019877,0.020582,0.019615,0.020343,562775
2019-10-14,0.019805,0.020386,0.019114,0.019467,565795
2019-10-15,0.020476,0.021443,0.020103,0.020792,586509
2019-10-16,0.020376,0.021895,0.020082,0.021472,570956
2019-10-17,0.019396,0.020138,0.019272,0.020104,608652
2019-10-18,0.020684,0.021424,0.020430,0.021117,554892
2019-10-19,0.020308,0.020590,0.019682,0.020127,510963
2019-10-20,0.020182,0.020754,0.019739,0.020587,516240
2019-10-21,0.019834,0.019849,0.019463,0.019496,423506
2019-10-22,0.019387,0.020135,0.018921,0.019828,367079
2019-10-23,0.020391,0.020584,0.018636,0.018834,353597
2019-10-24,0.020276,0.020427,0.018581,0.019051,429225
2019-10-25,0.021094,0.021843,0.021092,0.021348,408046
2019-10-26,0.020695,0.020821,0.020155,0.020301,430791
2019-10-27,0.021934,0.022191,0.021112,0.021519,499498
2019-10-28,0.020685,0.021542,0.020680,0.021306,579687
2019-10-29,0.020404,0.020821,0.019699,0.020366,621748
2019-10-30,0.019876,0.020384,0.019046,0.019779,475377
2019-10-31,0.020540,0.021049,0.020035,0.020309,439159
2019-11-01,0.020606,0.020731,0.019347,0.020100,334923
2019-11-02,0.020409,0.020605,0.020405,0.020573,311019
2019-11-03,0.021741,0.022396,0.021011,0.022382,320924
2019-11-04,0.021570,0.022537,0.020127,0.020213,324281
2019-11-05,0.022051,0.022755,0.020580,0.020916,318693
2019-11-06,0.021063,0.021806,0.020310,0.021434,341590
2019-11-07,0.020138,0.020529,0.019736,0.019780,331875
2019-11-08,0.021335,0.021496,0.020553,0.020693,322009
2019-11-09,0.019815,0.019927,0.019098,0.019390,325767
2019-11-10,0.021055,0.022068,0.020485,0.021350,318927
2019-11-11,0.021485,0.021699,0.020861,0.020900,359342
2019-11-12,0.021374,0.022650,0.021132,0.022182,254834
2019-11-13,0.022084,0.022253,0.020573,0.020638,250635
2019-11-14,0.021231,0.022424,0.021025,0.022356,238676
2019-11-15,0.020000,0.021080,0.019995,0.020507,279674
2019-11-16,0.018989,0.020063,0.018650,0.019992,267155
2019-11-17,0.019909,0.020020,0.018675,0.018989,232660
2019-11-18,0.019816,0.020084,0.019151,0.019386,277378
2019-11-19,0.020272,0.020560,0.017873,0.018598,277948
2019-11-20,0.020320,0.021197,0.019893,0.020930,278564
2019-11-21,0.020989,0.021001,0.020761,0.020885,272143
2019-11-22,0.020317,0.020648,0.020258,0.020454,275179
2019-11-23,0.020684,0.020955,0.020227,0.020299,270998
2019-11-24,0.020076,0.020697,0.019750,0.020596,289992
2019-11-25,0.020226,0.020948,0.019897,0.020052,312158
2019-11-26,0.019563,0.019733,0.018949,0.019066,321332
2019-11-27,0.018457,0.019428,0.018251,0.019082,287698
2019-11-28,0.018881,0.019525,0.018833,0.019118,285488
2019-11-29,0.018807,0.018913,0.017359,0.017627,253208
2019-11-30,0.018312,0.019488,0.018267,0.018999,273004
2019-12-01,0.018463,0.018823,0.017824,0.018802,317288
2019-12-02,0.019110,0.019744,0.018996,0.019688,356764
2019-12-03,0.018651,0.019382,0.017719,0.017805,318368
2019-12-04,0.019058,0.019353,0.018489,0.018626,327434
2019-12-05,0.018100,0.018890,0.018042,0.018844,326626
2019-12-06,0.017798,0.018964,0.017357,0.018544,351091
2019-12-07,0.017119,0.017268,0.016693,0.017035,374995
2019-12-08,0.017149,0.017299,0.016752,0.016966,402773
2019-12-09,0.018096,0.018792,0.017967,0.018172,384898
2019-12-10,0.018789,0.019683,0.018736,0.019090,387279
2019-12-11,0.017935,0.018714,0.017718,0.018547,327919
2019-12-12,0.018234,0.018245,0.017570,0.017704,267764
2019-12-13,0.018893,0.020339,0.018848,0.019530,288806
2019-12-14,0.018678,0.019839,0.018580,0.019343,280600
2019-12-15,0.018655,0.019263,0.017916,0.017917,310322
2019-12-16,0.018997,0.019136,0.018577,0.018655,319819
2019-12-17,0.019214,0.019608,0.018294,0.018751,354330
2019-12-18,0.019069,0.020025,0.018997,0.019432,407634
2019-12-19,0.018863,0.019900,0.018719,0.019396,410798
2019-12-20,0.019801,0.020162,0.019408,0.019635,388570
2019-12-21,0.020659,0.020691,0.019928,0.020089,411082
2019-12-22,0.020753,0.020984,0.019802,0.019816,325897
2019-12-23,0.021039,0.021874,0.019173,0.019428,270926
2019-12-24,0.021289,0.021645,0.020394,0.021552,312551
2019-12-25,0.020838,0.021417,0.020793,0.021015,311427
2019-12-26,0.021447,0.021576,0.020991,0.021470,267980
2019-12-27,0.021596,0.021701,0.020907,0.021412,301550
2019-12-28,0.021788,0.022294,0.021138,0.021622,293804
2019-12-29,0.021596,0.021802,0.021166,0.021725,255400
2019-12-30,0.021798,0.023097,0.021662,0.022940,262207
2019-12-31,0.021806,0.022656,0.021506,0.022487,259058
2020-01-01,0.022138,0.023119,0.021875,0.022926,197845
2020-01-02,0.021154,0.021157,0.020639,0.021153,179297
2020-01-03,0.021741,0.023012,0.021520,0.022395,151057
2020-01-04,0.021777,0.022238,0.020463,0.020860,159156
2020-01-05,0.022455,0.024052,0.022430,0.023607,159506
2020-01-06,0.022011,0.022183,0.021845,0.022013,170422
2020-01-07,0.021827,0.023449,0.021537,0.023169,162457
2020-01-08,0.021939,0.022163,0.021333,0.021585,177364
2020-01-09,0.022083,0.023300,0.021497,0.023039,185793
2020-01-10,0.021025,0.021242,0.019829,0.020042,181390
2020-01-11,0.021609,0.023693,0.020883,0.023161,126105
2020-01-12,0.020683,0.020700,0.020483,0.020539,114252
2020-01-13,0.021070,0.021243,0.020073,0.020666,127089
2020-01-14,0.020977,0.023128,0.020901,0.022525,128658
2020-01-15,0.021570,0.022378,0.019556,0.019848,129554
2020-01-16,0.023567,0.024408,0.023444,0.023534,138349
2020-01-17,0.020814,0.021246,0.019449,0.020041,145267
2020-01-18,0.022429,0.022945,0.021151,0.022151,146975
2020-01-19,0.022577,0.024317,0.022434,0.023369,155579
2020-01-20,0.022365,0.023018,0.021279,0.021344,142640
2020-01-21,0.023551,0.024246,0.023198,0.024197,133790
2020-01-22,0.021988,0.022732,0.021746,0.022034,117897
2020-01-23,0.022318,0.022713,0.021154,0.021603,109631
2020-01-24,0.022924,0.023590,0.021336,0.021471,114570
2020-01-25,0.022445,0.022894,0.022131,0.022153,127966
2020-01-26,0.021241,0.021800,0.020323,0.020469,138091
2020-01-27,0.022437,0.023185,0.022330,0.022582,164541
2020-01-28,0.021207,0.021212,0.020470,0.020976,158866
2020-01-29,0.020544,0.020731,0.020101,0.020199,155540
2020-01-30,0.021614,0.021793,0.021426,0.021538,147420
2020-01-31,0.021974,0.022393,0.020446,0.020453,129722
2020-02-01,0.022094,0.022547,0.021170,0.022223,141779
2020-02-02,0.023488,0.023488,0.023152,0.023452,180425
2020-02-03,0.023029,0.023333,0.022877,0.023128,179590
2020-02-04,0.022768,0.022849,0.022732,0.022746,167622
2020-02-05,0.023532,0.024129,0.023521,0.023848,170374
2020-02-06,0.022870,0.023925,0.022859,0.023029,154592
2020-02-07,0.024178,0.024787,0.023950,0.024655,157811
2020-02-08,0.024358,0.024873,0.023165,0.023256,159646
2020-02-09,0.024597,0.025890,0.024125,0.025178,146328
2020-02-10,0.024659,0.025710,0.024535,0.025425,160115
2020-02-11,0.025310,0.025954,0.024123,0.024866,139677
2020-02-12,0.024578,0.025604,0.022930,0.023509,125234
2020-02-13,0.024542,0.025099,0.024225,0.025019,144815
2020-02-14,0.026412,0.026680,0.025555,0.025595,117237
2020-02-15,0.024593,0.025317,0.023842,0.024473,139058
2020-02-16,0.024654,0.025030,0.022507,0.023375,158537
2020-02-17,0.024841,0.024981,0.024634,0.024865,152976
2020-02-18,0.024803,0.025738,0.023624,0.024177,151381
2020-02-19,0.026236,0.027444,0.026004,0.026053,167448
2020-02-20,0.025076,0.025791,0.024157,0.024391,173172
2020-02-21,0.025333,0.025665,0.024840,0.024842,208317
2020-02-22,0.025116,0.025776,0.025114,0.025668,187668
2020-02-23,0.025537,0.026088,0.024429,0.025968,201834
2020-02-24,0.024465,0.025331,0.023588,0.025030,179752
2020-02-25,0.024087,0.025000,0.024070,0.024879,197329
2020-02-26,0.025557,0.026598,0.024846,0.024980,221396
2020-02-27,0.025536,0.025654,0.025158,0.025339,256846
2020-02-28,0.024704,0.024733,0.023259,0.023760,234778
2020-02-29,0.025961,0.026468,0.025716,0.025731,239182
2020-03-01,0.024959,0.025899,0.024847,0.025318,188907
2020-03-02,0.026238,0.026732,0.025341,0.025685,183740
2020-03-03,0.025078,0.025626,0.023988,0.024185,206176
2020-03-04,0.024777,0.025456,0.024461,0.025141,197898
2020-03-05,0.025371,0.026298,0.024522,0.026106,200235
2020-03-06,0.026076,0.026240,0.026040,0.026111,213438
2020-03-07,0.025438,0.025638,0.025255,0.025482,201190
2020-03-08,0.026052,0.027168,0.025799,0.026897,172249
2020-03-09,0.025662,0.025875,0.024515,0.024619,147596
2020-03-10,0.027066,0.027138,0.025742,0.026463,159553
2020-03-11,0.028284,0.028424,0.026985,0.027375,161667
2020-03-12,0.025801,0.025927,0.025379,0.025765,175080
2020-03-13,0.025546,0.025999,0.024677,0.025289,187832
2020-03-14,0.024774,0.025159,0.024427,0.025108,179879
2020-03-15,0.025228,0.025742,0.024854,0.025343,177482
2020-03-16,0.024378,0.024748,0.024145,0.024543,174673
2020-03-17,0.026580,0.026639,0.026128,0.026332,164744
2020-03-18,0.025826,0.026251,0.025255,0.025439,154972
2020-03-19,0.025881,0.027547,0.025479,0.027276,176934
2020-03-20,0.026383,0.027296,0.026008,0.027095,176397
2020-03-21,0.025968,0.026579,0.025620,0.026567,187443
2020-03-22,0.025798,0.026581,0.024963,0.025792,209857
2020-03-23,0.026632,0.027646,0.026014,0.027157,191310
2020-03-24,0.027164,0.028165,0.027060,0.028034,185300
2020-03-25,0.027539,0.028026,0.025261,0.025510,192725
2020-03-26,0.027207,0.027241,0.025738,0.026561,198856
2020-03-27,0.027882,0.030280,0.026949,0.029958,211800
2020-03-28,0.028377,0.028631,0.026753,0.027569,214807
2020-03-29,0.028952,0.029843,0.028724,0.029466,181005
2020-03-30,0.029790,0.031660,0.029471,0.031302,184571
2020-03-31,0.030160,0.030930,0.030023,0.030178,155245
2020-04-01,0.029598,0.031118,0.029452,0.030845,134718
2020-04-02,0.028951,0.029705,0.028508,0.029553,138194
2020-04-03,0.029754,0.030507,0.029225,0.029356,156620
2020-04-04,0.030378,0.030717,0.029923,0.030477,159526
2020-04-05,0.028322,0.028787,0.027306,0.027562,180140
2020-04-06,0.029132,0.029951,0.027970,0.029052,171369
2020-04-07,0.029191,0.030573,0.029139,0.030004,168886
2020-04-08,0.029902,0.030817,0.029036,0.029230,157751
2020-04-09,0.031210,0.031494,0.030345,0.031068,140586
2020-04-10,0.029393,0.030434,0.028967,0.029475,154752
2020-04-11,0.030663,0.033226,0.030627,0.032997,153726
2020-04-12,0.030597,0.031016,0.029419,0.030388,163535
2020-04-13,0.031409,0.031638,0.030609,0.031163,155276
2020-04-14,0.030322,0.032096,0.029910,0.032043,150714
2020-04-15,0.030877,0.031297,0.030156,0.031226,146378
2020-04-16,0.031221,0.033453,0.031018,0.032747,144905
2020-04-17,0.033122,0.034213,0.032729,0.033599,154658
2020-04-18,0.031828,0.032269,0.031550,0.031650,182563
2020-04-19,0.033416,0.034212,0.032818,0.033894,186079
2020-04-20,0.031777,0.032421,0.031411,0.031683,237251
2020-04-21,0.031413,0.032700,0.031140,0.032334,237458
2020-04-22,0.032268,0.033134,0.032245,0.032352,246272
2020-04-23,0.032759,0.033551,0.031708,0.032209,253780
2020-04-24,0.033362,0.034918,0.031199,0.032873,254495
2020-04-25,0.033218,0.034580,0.032801,0.034289,234954
2020-04-26,0.033542,0.033849,0.032460,0.032618,237570
2020-04-27,0.035445,0.036502,0.033904,0.034464,224151
2020-04-28,0.033931,0.033952,0.030909,0.031640,237020
2020-04-29,0.034935,0.035156,0.032575,0.032723,194260
2020-04-30,0.035490,0.035655,0.032006,0.032858,176494
2020-05-01,0.035096,0.036616,0.034264,0.036038,163953
2020-05-02,0.036621,0.039055,0.036337,0.038550,174210
2020-05-03,0.036096,0.038554,0.035656,0.037378,156883
2020-05-04,0.036440,0.036467,0.035624,0.036205,155990
2020-05-05,0.036326,0.036852,0.035557,0.035786,156220
2020-05-06,0.037173,0.037689,0.035245,0.035427,156154
2020-05-07,0.036137,0.036193,0.035540,0.035753,156449
2020-05-08,0.038695,0.041210,0.038190,0.039866,150947
2020-05-09,0.037287,0.038506,0.036410,0.036454,155584
2020-05-10,0.036680,0.037075,0.034882,0.035917,169246
2020-05-11,0.037171,0.038672,0.036620,0.037535,147892
2020-05-12,0.037253,0.038204,0.034722,0.036088,132785
2020-05-13,0.038515,0.039101,0.036962,0.038440,124114
2020-05-14,0.039068,0.039446,0.038634,0.039148,101610
2020-05-15,0.038350,0.040964,0.037829,0.040475,100000
2020-05-16,0.040626,0.041984,0.038448,0.038951,100914
2020-05-17,0.040296,0.042736,0.040220,0.042158,116727
2020-05-18,0.038705,0.040110,0.038403,0.039448,110290
2020-05-19,0.040850,0.041246,0.039248,0.039957,120737
2020-05-20,0.041293,0.042186,0.040794,0.040839,116439
2020-05-21,0.040820,0.041773,0.040324,0.040733,113241
2020-05-22,0.040543,0.042689,0.040175,0.042308,119497
2020-05-23,0.040530,0.044349,0.039208,0.042624,136654
2020-05-24,0.042054,0.042210,0.040721,0.040785,135633
2020-05-25,0.041460,0.043688,0.040362,0.041381,146655
2020-05-26,0.039249,0.041883,0.038335,0.040204,153784
2020-05-27,0.039832,0.040404,0.036950,0.037679,131522
2020-05-28,0.039884,0.042812,0.038298,0.041404,149388
2020-05-29,0.040194,0.041073,0.039759,0.040577,153456
2020-05-30,0.039669,0.040222,0.038521,0.040012,165153
2020-05-31,0.039446,0.041092,0.038773,0.038906,151519
2020-06-01,0.038572,0.041235,0.037895,0.039677,156449
2020-06-02,0.039745,0.040161,0.038046,0.038535,155569
2020-06-03,0.039167,0.039381,0.038425,0.038897,146848
2020-06-04,0.040450,0.040720,0.038774,0.039011,138758
2020-06-05,0.038919,0.040402,0.037799,0.040257,105557
2020-06-06,0.038267,0.039064,0.037101,0.037660,108176
2020-06-07,0.038055,0.038399,0.036367,0.037765,112892
2020-06-08,0.038351,0.041147,0.038110,0.040083,112882
2020-06-09,0.037714,0.038897,0.037477,0.038726,112814
2020-06-10,0.038903,0.039754,0.038082,0.038336,121831
2020-06-11,0.039212,0.039280,0.037662,0.038470,139010
2020-06-12,0.039502,0.040283,0.038134,0.039507,136528
2020-06-13,0.039165,0.039814,0.038242,0.039409,123453
2020-06-14,0.038338,0.040107,0.037427,0.039903,126160
2020-06-15,0.039732,0.040632,0.038828,0.038955,126041
2020-06-16,0.038186,0.038795,0.036234,0.036898,128086
2020-06-17,0.038583,0.041274,0.036656,0.040107,124128
2020-06-18,0.038590,0.039041,0.037311,0.037360,115919
2020-06-19,0.036668,0.036947,0.035956,0.036931,123418
2020-06-20,0.038197,0.039071,0.037991,0.038180,121894
2020-06-21,0.037480,0.037837,0.033916,0.034393,127479
2020-06-22,0.038579,0.039806,0.036553,0.039167,140737
2020-06-23,0.037546,0.040827,0.037470,0.040031,130143
2020-06-24,0.037858,0.038344,0.036046,0.037052,110760
2020-06-25,0.037374,0.038613,0.035532,0.036981,110743
2020-06-26,0.037398,0.038151,0.036983,0.037642,134677
2020-06-27,0.036050,0.037759,0.035303,0.037404,141705
2020-06-28,0.037065,0.037482,0.036681,0.037258,155555
2020-06-29,0.037073,0.038873,0.036512,0.038122,139622
2020-06-30,0.037601,0.037645,0.035151,0.035667,128469
2020-07-01,0.038185,0.038713,0.037562,0.037624,120895
2020-07-02,0.038838,0.040005,0.038104,0.038259,117562
2020-07-03,0.037245,0.038825,0.035598,0.038053,115295
2020-07-04,0.038149,0.039762,0.037644,0.039359,100000
2020-07-05,0.036862,0.037910,0.036617,0.037148,107776
2020-07-06,0.038216,0.039042,0.037141,0.038704,121047
2020-07-07,0.038638,0.039759,0.036765,0.037225,112976
2020-07-08,0.039668,0.040370,0.039599,0.039833,123381
2020-07-09,0.038596,0.039199,0.038025,0.038337,114130
2020-07-10,0.039178,0.039578,0.037703,0.038256,110962
2020-07-11,0.038913,0.040710,0.037577,0.040198,101265
2020-07-12,0.037592,0.039361,0.037108,0.037167,100000
2020-07-13,0.038265,0.041221,0.037666,0.040870,117477
2020-07-14,0.041553,0.042654,0.039843,0.040099,115706
2020-07-15,0.040287,0.040306,0.039798,0.040223,129837
2020-07-16,0.039921,0.041765,0.039195,0.041625,155688
2020-07-17,0.040182,0.041340,0.039502,0.041097,172958
2020-07-18,0.039399,0.040851,0.039055,0.039916,163408
2020-07-19,0.041183,0.041249,0.039849,0.040087,134960
2020-07-20,0.039200,0.041884,0.038967,0.041782,124274
2020-07-21,0.040760,0.042580,0.040732,0.041714,122026
2020-07-22,0.041594,0.042660,0.041353,0.041809,106654
2020-07-23,0.040077,0.041646,0.040067,0.040537,106239
2020-07-24,0.040796,0.041529,0.040254,0.040824,110783
2020-07-25,0.040143,0.041175,0.039035,0.040665,105438
2020-07-26,0.039816,0.041065,0.037764,0.038602,118238
2020-07-27,0.039787,0.041562,0.039595,0.040618,130077
2020-07-28,0.040138,0.040464,0.036656,0.038257,138667
2020-07-29,0.040348,0.041049,0.037756,0.038549,147417
2020-07-30,0.041112,0.042515,0.039711,0.042451,156691
2020-07-31,0.040641,0.041364,0.038664,0.039945,174163
2020-08-01,0.041535,0.042825,0.040648,0.041601,182676
2020-08-02,0.040914,0.040953,0.038909,0.040445,172083
2020-08-03,0.041045,0.041583,0.039653,0.039682,166346
2020-08-04,0.039871,0.040309,0.037729,0.038713,215909
2020-08-05,0.040266,0.042036,0.038977,0.041888,217804
2020-08-06,0.041501,0.042136,0.039914,0.040493,227381
2020-08-07,0.040810,0.042374,0.039253,0.040387,204971
2020-08-08,0.042054,0.042077,0.041463,0.041725,185388
2020-08-09,0.040120,0.042843,0.039278,0.040910,205991
2020-08-10,0.040963,0.042867,0.039709,0.041703,178381
2020-08-11,0.039920,0.040527,0.038673,0.039055,180249
2020-08-12,0.038173,0.038736,0.035980,0.037157,185259
2020-08-13,0.039794,0.040674,0.037970,0.038090,169943
2020-08-14,0.039135,0.039597,0.037691,0.039490,136929
2020-08-15,0.039162,0.040690,0.038601,0.040223,151200
2020-08-16,0.038793,0.039126,0.038429,0.038664,136726
2020-08-17,0.039170,0.039995,0.037791,0.038712,133823
2020-08-18,0.039733,0.042412,0.038434,0.042027,110807
2020-08-19,0.039316,0.040866,0.038598,0.040528,103698
2020-08-20,0.039991,0.041513,0.039897,0.040542,100000
2020-08-21,0.039447,0.040186,0.038658,0.039922,100000
2020-08-22,0.039553,0.041833,0.038646,0.040672,100000
2020-08-23,0.037779,0.039108,0.037252,0.038792,105195
2020-08-24,0.037923,0.039453,0.037526,0.037619,121858
2020-08-25,0.039701,0.040573,0.039208,0.039336,124721
2020-08-26,0.037074,0.037079,0.035899,0.036138,122618
2020-08-27,0.038885,0.039048,0.034788,0.036983,129115
2020-08-28,0.038300,0.039009,0.038141,0.038820,143658
2020-08-29,0.039239,0.041535,0.038141,0.039944,159098
2020-08-30,0.038394,0.039006,0.037275,0.038528,161194
2020-08-31,0.040512,0.042549,0.040351,0.040834,139108
2020-09-01,0.038986,0.041998,0.037729,0.040295,129203
2020-09-02,0.037542,0.038505,0.036480,0.038143,138367
2020-09-03,0.038367,0.040773,0.036770,0.040066,130298
2020-09-04,0.036623,0.037091,0.035247,0.035611,126282
2020-09-05,0.038268,0.038888,0.037643,0.038638,116615
2020-09-06,0.037129,0.038353,0.036456,0.037223,120801
2020-09-07,0.038466,0.042233,0.037797,0.040763,100000
2020-09-08,0.037474,0.038871,0.036566,0.038818,100000
2020-09-09,0.038321,0.038477,0.037844,0.037992,107159
2020-09-10,0.039308,0.039802,0.038315,0.039150,122017
2020-09-11,0.037900,0.039258,0.036667,0.039087,128285
2020-09-12,0.038758,0.038946,0.038330,0.038831,150372
2020-09-13,0.038987,0.039881,0.037427,0.037892,130134
2020-09-14,0.037697,0.041151,0.037339,0.040990,132558
2020-09-15,0.038834,0.039260,0.036686,0.037056,162278
2020-09-16,0.039882,0.040502,0.038194,0.038662,174026
2020-09-17,0.039029,0.040332,0.035441,0.035863,171349
2020-09-18,0.038984,0.042506,0.038641,0.041732,188549
2020-09-19,0.040183,0.041692,0.039675,0.040449,200041
2020-09-20,0.038691,0.038889,0.038259,0.038319,181111
2020-09-21,0.037760,0.038191,0.036387,0.036702,189771
2020-09-22,0.039704,0.041553,0.039667,0.040945,172320
2020-09-23,0.039405,0.039720,0.038765,0.038818,148817
2020-09-24,0.037877,0.038199,0.035810,0.037254,185333
2020-09-25,0.038492,0.039933,0.037655,0.039580,173927
2020-09-26,0.038132,0.038829,0.037662,0.038130,164115
2020-09-27,0.036246,0.038308,0.035495,0.035732,144724
2020-09-28,0.036775,0.037213,0.035733,0.037164,146085
2020-09-29,0.038392,0.039809,0.037854,0.039612,146289
2020-09-30,0.039279,0.041413,0.038946,0.040077,155945
2020-10-01,0.038935,0.040841,0.038768,0.039804,139266
2020-10-02,0.037127,0.039761,0.035822,0.039443,156052
2020-10-03,0.038942,0.039931,0.038630,0.039123,164976
2020-10-04,0.039126,0.039434,0.038540,0.038907,210479
2020-10-05,0.042100,0.042509,0.041607,0.042276,204380
2020-10-06,0.038907,0.039271,0.036317,0.038227,206446
2020-10-07,0.039656,0.040472,0.037815,0.040446,222058
2020-10-08,0.038970,0.039381,0.038187,0.038294,205757
2020-10-09,0.040167,0.040635,0.039169,0.039527,229075
2020-10-10,0.039535,0.040868,0.039203,0.039909,197943
2020-10-11,0.039908,0.040424,0.039000,0.039811,196359
2020-10-12,0.041027,0.043283,0.040345,0.041314,155161
2020-10-13,0.040234,0.040500,0.039197,0.039890,149338
2020-10-14,0.042678,0.045803,0.042665,0.045143,169695
2020-10-15,0.040851,0.042382,0.040395,0.041477,158913
2020-10-16,0.040551,0.041300,0.037661,0.039726,140247
2020-10-17,0.040990,0.041071,0.038582,0.040017,143539
2020-10-18,0.040718,0.040943,0.040444,0.040761,140152
2020-10-19,0.042430,0.043038,0.042162,0.042741,152995
2020-10-20,0.042885,0.046441,0.041848,0.044438,171998
2020-10-21,0.042428,0.043572,0.041732,0.043468,158335
2020-10-22,0.042315,0.043495,0.040460,0.040894,124949
2020-10-23,0.040799,0.041470,0.040479,0.041376,119583
2020-10-24,0.041820,0.042703,0.039256,0.040726,118481
2020-10-25,0.043999,0.044137,0.042687,0.043772,114066
2020-10-26,0.040008,0.041152,0.038435,0.039840,100000
2020-10-27,0.040396,0.041616,0.039271,0.039722,100000
2020-10-28,0.041821,0.042093,0.040790,0.041061,100000
2020-10-29,0.040412,0.041099,0.038392,0.039768,102192
2020-10-30,0.042382,0.043137,0.041571,0.041962,100000
2020-10-31,0.041368,0.041524,0.040389,0.040771,113766
2020-11-01,0.040221,0.040913,0.039915,0.040729,129825
2020-11-02,0.039942,0.040432,0.037575,0.038630,120004
2020-11-03,0.041215,0.043814,0.040051,0.043694,127747
2020-11-04,0.043003,0.043174,0.042207,0.042706,116957
2020-11-05,0.041496,0.042876,0.041348,0.042269,109879
2020-11-06,0.044147,0.045283,0.043712,0.044864,114926
2020-11-07,0.044037,0.044639,0.043393,0.044083,122246
2020-11-08,0.044808,0.046428,0.043990,0.045109,135817
2020-11-09,0.043894,0.045430,0.042078,0.043221,143418
2020-11-10,0.044394,0.048257,0.044255,0.046683,119957
2020-11-11,0.041900,0.043937,0.041207,0.043113,137337
2020-11-12,0.042446,0.043533,0.041675,0.042587,142149
2020-11-13,0.043244,0.046589,0.042636,0.045026,143504
2020-11-14,0.041918,0.043368,0.040316,0.041325,152212
2020-11-15,0.042865,0.044172,0.041464,0.042034,145140
2020-11-16,0.042232,0.043000,0.041987,0.042315,154628
2020-11-17,0.042713,0.043373,0.040509,0.041067,167013
2020-11-18,0.041985,0.042549,0.040301,0.041945,143233
2020-11-19,0.042439,0.045260,0.042294,0.044800,117940
2020-11-20,0.042585,0.044481,0.041726,0.042958,129924
2020-11-21,0.041537,0.042033,0.040805,0.041273,126286
2020-11-22,0.041432,0.042803,0.040555,0.041557,132900
2020-11-23,0.038819,0.039110,0.037338,0.037479,130862
2020-11-24,0.040735,0.044460,0.040456,0.043030,131063
2020-11-25,0.040537,0.042212,0.040252,0.041650,137460
2020-11-26,0.040790,0.041229,0.039467,0.039853,137843
2020-11-27,0.040882,0.040975,0.037785,0.039322,138869
2020-11-28,0.043437,0.043713,0.041572,0.042746,170261
2020-11-29,0.040927,0.041215,0.039667,0.039843,161953
2020-11-30,0.039321,0.039845,0.039035,0.039335,175637
2020-12-01,0.040172,0.040422,0.039638,0.040013,200194
2020-12-02,0.040097,0.040671,0.040021,0.040310,226027
2020-12-03,0.041440,0.041812,0.040551,0.041121,223374
2020-12-04,0.041219,0.042444,0.041115,0.041999,203100
2020-12-05,0.038021,0.039471,0.037732,0.038263,190876
2020-12-06,0.038252,0.040926,0.037516,0.039284,230325
2020-12-07,0.038814,0.041673,0.037169,0.040285,247609
2020-12-08,0.038192,0.039006,0.037751,0.038688,268487
2020-12-09,0.037655,0.038808,0.037510,0.038402,257743
2020-12-10,0.038920,0.039931,0.038166,0.039614,270349
2020-12-11,0.039261,0.039531,0.038702,0.039334,266679
2020-12-12,0.039932,0.041494,0.039400,0.040274,252303
2020-12-13,0.039796,0.041651,0.039652,0.041457,310288
2020-12-14,0.039529,0.040944,0.039091,0.039991,291379
2020-12-15,0.039485,0.039861,0.039122,0.039566,270258
2020-12-16,0.040423,0.040908,0.038418,0.039079,274595
2020-12-17,0.038767,0.041694,0.037992,0.039256,291718
2020-12-18,0.039226,0.040436,0.038468,0.039996,260030
2020-12-19,0.038781,0.039510,0.038403,0.039294,285693
2020-12-20,0.040495,0.040968,0.038594,0.039521,291264
2020-12-21,0.039751,0.041494,0.039068,0.039665,336821
2020-12-22,0.039233,0.040725,0.037259,0.037898,360577
2020-12-23,0.039997,0.040858,0.038872,0.040551,371294
2020-12-24,0.039203,0.040268,0.038054,0.038373,321409
2020-12-25,0.038449,0.038651,0.038290,0.038497,295653
2020-12-26,0.038266,0.040325,0.036697,0.039833,364059
2020-12-27,0.038188,0.040223,0.037550,0.039179,413810
2020-12-28,0.039018,0.039870,0.037817,0.038319,500609
2020-12-29,0.037253,0.037461,0.037216,0.037372,472430
2020-12-30,0.037426,0.037654,0.036991,0.037388,417513
2020-12-31,0.037890,0.038670,0.037032,0.037499,423885
2021-01-01,0.038773,0.039812,0.037556,0.037819,447831
2021-01-02,0.038566,0.038993,0.037662,0.038380,422999
2021-01-03,0.038649,0.039625,0.036726,0.037473,375772
2021-01-04,0.037815,0.037993,0.035933,0.036193,371153
2021-01-05,0.040116,0.040662,0.039659,0.040642,330314
2021-01-06,0.038743,0.038892,0.037637,0.038722,349547
2021-01-07,0.038554,0.038928,0.036816,0.037716,344859
2021-01-08,0.037885,0.038521,0.037525,0.037946,331141
2021-01-09,0.039670,0.040100,0.038059,0.038324,318558
2021-01-10,0.038995,0.039930,0.038547,0.038869,371621
2021-01-11,0.038985,0.039107,0.037990,0.038296,345789
2021-01-12,0.041939,0.043906,0.040593,0.040689,368673
2021-01-13,0.040248,0.041113,0.039494,0.041044,400594
2021-01-14,0.039595,0.042628,0.039314,0.041771,441234
2021-01-15,0.038464,0.038677,0.036924,0.036963,442101
2021-01-16,0.039097,0.040040,0.038065,0.039965,444853
2021-01-17,0.037517,0.038851,0.037457,0.038513,426962
2021-01-18,0.038253,0.039118,0.037535,0.038862,367381
2021-01-19,0.038916,0.039837,0.037770,0.039248,385578
2021-01-20,0.038142,0.039302,0.037685,0.037997,333714
2021-01-21,0.039443,0.041199,0.039346,0.039768,303257
2021-01-22,0.039063,0.041228,0.037730,0.040118,315507
2021-01-23,0.038904,0.040216,0.035473,0.036191,318335
2021-01-24,0.038720,0.038805,0.037499,0.038722,281478
2021-01-25,0.037668,0.038400,0.036601,0.037018,292715
2021-01-26,0.038405,0.039538,0.035400,0.035917,273170
2021-01-27,0.039718,0.042922,0.039400,0.041074,268653
2021-01-28,0.038787,0.039543,0.037762,0.039261,269634
2021-01-29,0.037867,0.041263,0.037646,0.040119,227910
2021-01-30,0.037053,0.037928,0.036396,0.037417,235087
2021-01-31,0.037180,0.037803,0.034529,0.034792,224799
2021-02-01,0.038917,0.040465,0.038592,0.040147,201516
2021-02-02,0.037460,0.038387,0.037428,0.037469,205383
2021-02-03,0.037333,0.038095,0.034207,0.035723,216609
2021-02-04,0.037836,0.038102,0.037418,0.037450,236834
2021-02-05,0.037069,0.038040,0.035499,0.037400,244274
2021-02-06,0.036923,0.037486,0.035124,0.036986,222997
2021-02-07,0.036465,0.037166,0.036368,0.036893,224862
2021-02-08,0.037377,0.037653,0.036464,0.037500,225867
2021-02-09,0.038287,0.039393,0.036275,0.038172,211734
2021-02-10,0.038594,0.040504,0.038028,0.039807,213068
2021-02-11,0.039640,0.039694,0.036384,0.037321,173496
2021-02-12,0.038913,0.039928,0.036952,0.037415,171173
2021-02-13,0.039743,0.040043,0.037255,0.037745,176908
2021-02-14,0.040031,0.040615,0.038701,0.040167,172012
2021-02-15,0.041341,0.045375,0.040589,0.043846,175145
2021-02-16,0.041684,0.043818,0.041163,0.043207,169487
2021-02-17,0.041284,0.042489,0.041048,0.042140,158642
2021-02-18,0.041170,0.041191,0.040903,0.040910,181446
2021-02-19,0.042048,0.042342,0.039265,0.040378,192391
2021-02-20,0.041072,0.041591,0.040888,0.041537,189563
2021-02-21,0.044558,0.044688,0.043871,0.044584,177866
2021-02-22,0.042656,0.044067,0.042429,0.043574,195324
2021-02-23,0.041621,0.041818,0.039407,0.040234,201178
2021-02-24,0.042616,0.043718,0.042402,0.042778,204568
2021-02-25,0.044030,0.045159,0.041656,0.042351,203291
2021-02-26,0.042824,0.044448,0.042133,0.043693,191892
2021-02-27,0.042726,0.044102,0.042092,0.043729,195343
2021-02-28,0.044302,0.045935,0.043420,0.045620,192650
2021-03-01,0.040584,0.041892,0.039945,0.040130,174186
